f0,f1,f2,f3,f4,f5,f6,f7,f8,f9,target
1,1,1,0,0,0,0,1,1,1,1
2,15,1,75,15,1,2.3,73,65,56,4
3,15,2,18,7,0.7,1.3,13,95,86,4
4,15,3,46,11,0.5,1,69,50,39,4
5,15,3,16,8,0.5,1.2,13,0,86,4
6,15,4,56,16,0.5,1,55,50,35,4
7,15,5,77,18,0.5,0.7,74,66,55,4
8,15,6,6,5,0.5,0.9,99,95,86,4
9,15,6,84,17,1.2,2.8,71,71,58,4
10,15,6,41,11,0.7,1.3,49,40,35,4
11,15,7,1,3,0.3,0.5,99,95,86,4
12,15,7,1,3,0.2,0.6,99,95,86,4
13,15,7,4,5,0.5,0.7,99,95,86,4
14,15,7,16,8,0.7,1.2,8,1,86,4
15,15,7,3,4,0.5,1,99,95,86,4
16,15,7,21,10,0.5,0.8,33,25,12,4
17,15,8,46,16,0.5,1.5,32,16,26,4
18,15,8,47,16,0.5,0.7,48,45,45,4
19,41,1,9,5,1.2,2.2,99,95,86,4
20,41,1,20,7,0.6,3,2,95,86,4
21,41,1,47,13,0.5,2.4,45,54,79,4
22,41,1,4,4,0.4,2,99,95,86,4
23,41,1,5,5,0.2,1.2,99,95,86,4
24,41,2,134,16,7.3,9.2,96,91,84,4
25,41,3,42,8,0.5,4.8,54,25,86,4
26,41,3,22,7,0.8,4.1,6,95,86,4
27,41,3,25,7,0.6,3.7,1,95,86,4
28,41,3,1,3,0.3,0.7,99,95,86,4
29,41,3,1,2,0.5,0.7,99,95,86,4
30,41,3,17,9,2.1,2.2,10,4,0,4
31,41,3,46,12,1,3,58,36,45,4
32,41,3,1,2,0.5,0.5,99,95,86,4
33,41,3,1,2,0.4,0.5,99,95,86,4
34,41,3,21,8,0.5,2.6,13,1,86,4
35,41,3,1,2,0.5,0.5,99,95,86,4
36,41,3,5,4,0.7,1.5,99,95,86,4
37,41,4,1,2,0.2,0.5,99,95,86,4
38,41,4,6,5,0.2,1.4,99,95,86,4
39,41,4,37,11,0.6,3.2,32,32,32,4
40,41,4,63,15,1.8,6.6,40,34,34,4
41,41,5,25,8,1,4.5,29,7,86,4
42,41,6,3,5,0.2,1,99,95,86,4
43,41,6,28,11,0.5,2.5,44,48,45,4
44,41,6,3,4,0.5,1.2,99,95,86,4
45,41,6,20,9,0.4,2.7,38,14,0,4
46,41,6,20,7,0.3,1.7,1,95,86,4
47,41,6,8,7,0.5,1,2,95,86,4
48,41,6,25,9,0.4,1.7,29,26,1,4
49,41,6,12,6,0.3,2.1,99,95,86,4
50,41,6,32,12,0.2,1.1,51,57,62,4
51,41,6,8,5,0.6,2,99,95,86,4
52,41,6,39,13,0.5,1,47,43,45,4
53,41,6,7,5,0.3,2,99,95,86,4
54,41,6,57,12,0.5,2.1,91,71,50,4
55,41,6,28,9,0.3,1.8,49,36,4,4
56,41,6,17,8,0.4,1.2,48,13,86,4
57,41,6,10,6,0.5,2.1,99,95,86,4
58,41,6,2,4,0.3,0.8,99,95,86,4
59,41,6,18,8,0.5,1.8,29,4,86,4
60,41,6,4,5,0.2,1,99,95,86,4
61,41,6,53,11,0.3,1.3,71,70,61,4
62,41,6,6,6,0.5,0.8,99,95,86,4
63,43,1,1,2,0.2,0.4,99,95,86,4
64,43,1,0,2,0.2,0.3,99,95,86,4
65,43,1,1,3,0.7,0.6,99,95,86,4
66,43,1,11,5,1.2,2,99,95,86,4
67,43,1,1,2,0.3,0.3,99,95,86,4
68,43,1,1,3,0.5,0.6,99,95,86,4
69,43,1,1,3,0.3,0.5,99,95,86,4
70,43,1,2,3,0.7,0.8,99,95,86,4
71,43,1,2,3,1,1,99,95,86,4
72,43,1,2,3,0.7,0.7,99,95,86,4
73,43,1,24,7,1.5,3.2,4,95,86,4
74,43,1,0,2,0.2,0.3,99,95,86,4
75,43,1,1,3,0.2,0.3,99,95,86,4
76,43,2,1,2,0.5,0.6,99,95,86,4
77,43,2,1,2,0.3,0.5,99,95,86,4
78,43,2,1,2,0.4,0.7,99,95,86,4
79,43,2,28,6,1.2,5.2,99,95,86,4
80,43,2,1,2,0.6,0.5,99,95,86,4
81,43,2,34,9,0.6,3,42,14,0,4
82,43,3,1,2,0.7,0.5,99,95,86,4
83,43,3,1,2,0.3,0.4,99,95,86,4
84,43,3,2,3,0.5,1.1,99,95,86,4
85,43,3,1,2,0.3,0.4,99,95,86,4
86,43,3,1,3,0.3,0.5,99,95,86,4
87,43,3,10,6,1.1,1.6,99,95,86,4
88,43,3,1,2,0.3,0.4,99,95,86,4
89,43,3,1,2,0.3,0.4,99,95,86,4
90,43,3,2,4,0.2,0.7,99,95,86,4
91,43,3,8,6,0.9,1.2,99,95,86,4
92,43,3,3,3,1,1,99,95,86,4
93,43,3,5,4,1.3,1.3,99,95,86,4
94,43,3,2,3,0.7,0.8,99,95,86,4
95,43,3,2,3,0.5,1,99,95,86,4
96,43,4,4,3,1.3,1.9,99,95,86,4
97,43,4,47,10,1.4,3.7,53,27,7,4
98,43,5,70,16,1,2.2,64,61,56,4
99,43,6,4,3,1,1.7,99,95,86,4
100,43,6,24,7,1.5,4.5,0,95,86,4
101,43,6,18,6,0.5,1.7,99,95,86,4
102,43,6,23,7,0.5,1.5,6,95,86,4
103,43,6,16,6,1.3,2.4,99,95,86,4
104,43,6,39,10,0.8,6.2,43,28,11,4
105,43,6,5,4,1,2.3,99,95,86,4
106,43,6,7,4,0.6,1.8,99,95,86,4
107,43,6,19,6,1.2,2.5,99,95,86,4
108,43,6,2,3,0.6,0.9,99,95,86,4
109,43,6,2,2,1,0.6,99,95,86,4
110,43,6,2,2,1,1,99,95,86,4
111,43,6,0,2,0.3,0.2,99,95,86,4
112,43,7,7,6,0.7,1.5,99,95,86,4
113,43,7,3,3,1,1.3,99,95,86,4
114,43,7,97,21,1,2.5,92,69,58,4
115,43,7,2,3,0.7,0.9,99,95,86,4
116,43,7,4,4,1,1.8,99,95,86,4
117,43,7,39,12,1,2.1,55,44,48,4
118,43,7,24,7,1.7,3.5,5,95,86,4
119,43,7,7,5,0.6,2.1,99,95,86,4
120,16,1,1,2,0.5,0.7,99,95,86,4
121,16,1,0,1,0.5,9.856804971,99,95,86,4
122,16,1,1,2,0.6,0.2,99,95,86,4
123,16,1,27,8,1,3.5,15,6,86,4
124,16,1,1,2,0.3,0.8,99,95,86,4
125,16,1,0,1,0.5,11.42138182,99,95,86,4
126,16,1,0,1,0.5,1.514532704,99,95,86,4
127,16,2,124,19,2,6.9,19,85,69,4
128,16,3,130,21,0.7,1.8,22,19,80,4
129,16,3,0,2,0.2,0.3,99,95,86,4
130,16,3,1,2,0.3,0.6,99,95,86,4
131,16,3,1,1,0.6,7.122707627,99,95,86,4
132,16,3,2,3,0.2,1,99,95,86,4
133,16,3,14,6,0.5,1.2,99,95,86,4
134,16,3,27,8,0.5,1.6,6,1,86,4
135,16,3,1,3,0.2,0.6,99,95,86,4
136,16,3,1,2,0.2,0.6,99,95,86,4
137,16,3,1,2,0.3,0.6,99,95,86,4
138,16,3,1,2,0.2,0.5,99,95,86,4
139,16,3,1,2,0.2,0.5,99,95,86,4
140,16,3,0,2,0.2,0.2,99,95,86,4
141,16,3,0,1,0.3,8.96845527,99,95,86,4
142,16,4,2,2,1,0.7,99,95,86,4
143,16,4,1,2,0.3,0.7,99,95,86,4
144,16,4,2,3,0.6,1.1,99,95,86,4
145,16,4,28,8,0.8,2.2,30,7,86,4
146,16,4,20,6,0.5,1.6,99,95,86,4
147,16,4,24,7,0.3,1.2,7,95,86,4
148,16,4,1,2,0.4,0.8,99,95,86,4
149,16,4,1,2,0.2,0.5,99,95,86,4
150,16,4,1,2,0.2,0.5,99,95,86,4
151,16,5,41,10,0.5,1.2,64,46,30,4
152,16,5,2,3,0.5,1,99,95,86,4
153,16,5,1,2,0.5,0.3,99,95,86,4
154,16,6,1,2,0.2,0.5,99,95,86,4
155,16,6,1,3,0.2,0.6,99,95,86,4
156,16,6,1,2,0.3,0.7,99,95,86,4
157,16,6,4,3,0.5,1.6,99,95,86,4
158,16,6,19,7,0.6,1.5,0,95,86,4
159,16,6,24,7,0.6,1.8,4,95,86,4
160,16,6,1,2,0.5,1,99,95,86,4
161,16,6,1,2,0.5,0.2,99,95,86,4
162,16,6,3,4,0.3,1,99,95,86,4
163,16,6,1,2,0.2,0.5,99,95,86,4
164,16,6,1,3,0.2,0.5,99,95,86,4
165,16,6,0,1,0.5,3.33874064,99,95,86,4
166,16,6,1,2,0.2,0.5,99,95,86,4
167,16,7,1,2,0.3,0.5,99,95,86,4
168,16,7,3,3,0.5,1,99,95,86,4
169,16,7,18,8,0.5,1.8,10,1,86,4
170,16,7,1,2,0.5,0.8,99,95,86,4
171,16,7,1,3,0.3,0.7,99,95,86,4
172,16,8,19,7,0.6,1.6,8,95,86,4
173,7,1,31,8,1,3.3,33,6,86,4
174,7,1,33,11,0.5,3.2,14,5,3,4
175,7,1,33,8,0.5,2.7,34,9,86,4
176,7,2,42,12,0.8,3,38,36,42,4
177,7,2,8,5,0.5,1.6,99,95,86,4
178,7,3,33,8,1.6,5.8,14,4,86,4
179,7,3,70,12,0.8,2.4,78,68,53,4
180,7,4,24,8,0.5,2.6,29,6,86,4
181,7,4,4,3,0.5,1.5,99,95,86,4
182,7,5,16,8,0.9,2.5,9,3,86,4
183,7,5,1,2,0.3,1,99,95,86,4
184,7,5,5,4,0.2,0.7,99,95,86,4
185,7,6,38,11,1,3,54,48,43,4
186,7,6,2,3,0.3,1,99,95,86,4
187,7,6,32,8,1,3.6,30,6,86,4
188,7,7,45,9,0.5,3.1,59,27,0,4
189,7,7,19,6,0.7,2.8,99,95,86,4
190,7,7,1,2,0.2,0.4,99,95,86,4
191,7,8,3,3,0.3,1,99,95,86,4
192,7,8,4,4,0.3,0.9,99,95,86,4
193,7,8,6,5,0.5,1.6,99,95,86,4
194,7,8,18,7,0.5,1.8,4,95,86,4
195,7,8,29,7,1,4,5,95,86,4
196,7,8,27,7,0.8,2.6,11,95,86,4
197,7,8,21,7,1,2,15,95,86,4
198,7,8,2,3,0.2,0.8,99,95,86,4
199,56,1,2,3,0.4,1,99,95,86,4
200,56,1,4,4,0.5,1.2,99,95,86,4
201,56,1,4,3,0.7,2.1,99,95,86,4
202,56,1,1,3,0.3,0.7,99,95,86,4
203,56,1,2,3,0.2,0.7,99,95,86,4
204,56,1,1,2,0.5,0.8,99,95,86,4
205,56,1,0,2,0.2,0.3,99,95,86,4
206,56,2,20,7,0.5,1.1,2,95,86,4
207,56,3,42,8,0.5,1.3,28,5,86,4
208,56,4,18,7,0.6,1,1,95,86,4
209,56,4,3,4,0.5,0.6,99,95,86,4
210,56,4,9,5,0.8,1.2,99,95,86,4
211,56,4,6,5,0.5,0.8,99,95,86,4
212,56,4,4,4,0.6,0.8,99,95,86,4
213,56,4,10,6,0.3,1,99,95,86,4
214,56,4,3,5,0.3,0.6,99,95,86,4
215,56,4,0,1,0.3,8.316459737,99,95,86,4
216,56,4,0,1,0.3,11.53499019,99,95,86,4
217,56,5,19,7,0.3,0.6,0,95,86,4
218,56,5,51,12,0.5,1.7,51,59,49,4
219,56,6,51,12,1,2.5,55,48,54,4
220,56,7,28,9,0.3,1,42,13,1,4
221,56,7,70,17,0.7,3.2,73,67,51,4
222,56,8,1,2,0.7,0.8,99,95,86,4
223,56,8,19,6,0.3,1,99,95,86,4
224,56,8,23,6,0.3,1.2,99,95,86,4
225,56,8,8,5,0.5,1.5,99,95,86,4
226,56,8,6,4,0.3,1.2,99,95,86,4
227,56,8,2,3,0.2,1.2,99,95,86,4
228,33,1,1,2,0.2,0.4,99,95,86,4
229,33,1,1,2,0.2,0.5,99,95,86,4
230,33,1,39,10,1.2,4,36,16,6,4
231,33,1,25,9,0.4,1.3,37,13,0,4
232,33,1,14,7,0.3,0.7,0,95,86,4
233,33,1,50,14,0.5,1.7,76,42,41,4
234,33,1,1,2,0.2,0.7,99,95,86,4
235,33,1,11,6,0.3,1.1,99,95,86,4
236,33,1,1,3,0.2,0.5,99,95,86,4
237,33,1,1,3,0.2,0.5,99,95,86,4
238,33,1,1,2,0.4,0.5,99,95,86,4
239,33,1,2,3,0.3,0.6,99,95,86,4
240,33,2,2,3,0.3,0.7,99,95,86,4
241,33,2,30,8,0.5,1.5,15,2,86,4
242,33,2,20,7,0.5,2.7,0,95,86,4
243,33,2,3,3,0.5,1.1,99,95,86,4
244,33,3,102,21,0.3,0.8,23,88,73,4
245,33,4,0,2,0.3,0.2,99,95,86,4
246,33,4,34,11,0.5,1,43,34,24,4
247,33,4,19,9,0.2,0.6,31,2,0,4
248,33,4,48,11,0.3,1.1,87,71,51,4
249,33,4,47,11,0.5,1.8,70,43,31,4
250,33,4,1,2,0.2,0.5,99,95,86,4
251,33,4,1,3,0.2,0.6,99,95,86,4
252,33,4,41,13,0.5,0.8,64,37,30,4
253,33,5,1,3,0.2,0.6,99,95,86,4
254,33,5,68,16,0.3,1.2,72,47,51,4
255,33,5,26,9,0.5,1,30,3,0,4
256,33,5,1,3,0.3,0.5,99,95,86,4
257,33,5,1,3,0.2,0.5,99,95,86,4
258,33,6,0,2,0.3,0.2,99,95,86,4
259,33,6,1,3,0.3,0.5,99,95,86,4
260,33,6,1,2,0.2,0.5,99,95,86,4
261,33,6,18,8,0.3,1,5,1,86,4
262,33,6,41,13,0.5,1.5,72,43,28,4
263,33,6,15,8,0.4,1.2,5,2,86,4
264,33,6,2,4,0.3,0.7,99,95,86,4
265,33,6,5,6,0.3,0.7,99,95,86,4
266,33,6,1,3,0.2,0.4,99,95,86,4
267,33,6,2,5,0.2,0.6,99,95,86,4
268,33,6,0,1,0.3,1.940359905,99,95,86,4
269,33,7,0,2,0.2,0.3,99,95,86,4
270,33,7,3,4,0.2,0.5,99,95,86,4
271,33,7,28,8,0.5,1.2,13,4,86,4
272,33,7,2,3,0.3,0.7,99,95,86,4
273,33,7,32,11,0.3,1.1,34,6,3,4
274,33,7,28,9,0.3,1.2,15,5,0,4
275,33,7,0,2,0.2,0.3,99,95,86,4
276,33,7,1,3,0.2,0.3,99,95,86,4
277,33,7,1,3,0.2,0.4,99,95,86,4
278,33,7,1,2,0.5,0.4,99,95,86,4
279,33,8,1,3,0.2,0.5,99,95,86,4
280,33,8,1,2,0.2,0.5,99,95,86,4
281,33,8,2,3,0.3,0.6,99,95,86,4
282,33,8,97,17,0.5,1.8,90,74,66,4
283,33,8,55,12,0.5,3.1,69,52,53,4
284,33,8,1,3,0.2,0.3,99,95,86,4
285,33,8,1,3,0.2,0.5,99,95,86,4
286,33,8,86,16,0.5,4.1,73,68,57,4
287,51,1,0,1,0.3,7.631403687,99,95,86,4
288,51,1,0,1,0.5,7.10957043,99,95,86,4
289,51,1,0,2,0.2,0.3,99,95,86,4
290,51,1,21,7,0.3,1.5,0,95,86,4
291,51,1,0,2,0.2,0.3,99,95,86,4
292,51,1,1,3,0.3,0.5,99,95,86,4
293,51,1,0,1,0.5,3.367256906,99,95,86,4
294,51,1,0,1,0.3,9.718706986,99,95,86,4
295,51,1,3,4,0.4,0.5,99,95,86,4
296,51,2,1,3,0.2,0.5,99,95,86,4
297,51,2,1,3,0.2,0.7,99,95,86,4
298,51,2,1,3,0.2,0.6,99,95,86,4
299,51,2,20,9,0.6,1.5,13,8,3,4
300,51,2,1,3,0.3,0.5,99,95,86,4
301,51,2,5,5,0.4,0.8,99,95,86,4
302,51,2,1,3,0.2,0.4,99,95,86,4
303,51,2,1,3,0.3,0.5,99,95,86,4
304,51,2,1,3,0.2,0.4,99,95,86,4
305,51,2,6,5,0.5,1.2,99,95,86,4
306,51,3,1,4,0.2,0.6,99,95,86,4
307,51,3,9,5,0.3,2.1,99,95,86,4
308,51,3,86,16,0.5,2,91,70,59,4
309,51,3,20,6,0.3,2.4,99,95,86,4
310,51,3,26,8,0.5,1.5,14,2,86,4
311,51,3,1,3,0.2,0.5,99,95,86,4
312,51,3,1,3,0.2,0.3,99,95,86,4
313,51,3,1,3,0.2,0.4,99,95,86,4
314,51,4,1,3,0.2,0.5,99,95,86,4
315,51,4,0,2,0.2,0.3,99,95,86,4
316,51,4,1,3,0.2,0.5,99,95,86,4
317,51,4,1,3,0.2,0.5,99,95,86,4
318,51,4,1,3,0.3,0.6,99,95,86,4
319,51,4,2,4,0.2,0.5,99,95,86,4
320,51,4,14,6,0.4,1.1,99,95,86,4
321,51,4,2,4,0.3,0.6,99,95,86,4
322,51,4,0,2,0.2,0.3,99,95,86,4
323,51,4,0,2,0.2,0.3,99,95,86,4
324,51,4,1,3,0.2,0.3,99,95,86,4
325,51,5,0,2,0.3,0.2,99,95,86,4
326,51,5,1,2,0.3,0.4,99,95,86,4
327,51,5,1,3,0.3,0.4,99,95,86,4
328,51,5,2,3,0.3,0.6,99,95,86,4
329,51,5,1,3,0.3,0.5,99,95,86,4
330,51,5,6,5,0.4,0.9,99,95,86,4
331,51,5,1,4,0.2,0.5,99,95,86,4
332,51,5,3,4,0.4,0.7,99,95,86,4
333,51,5,1,3,0.3,0.6,99,95,86,4
334,51,5,7,5,0.4,1.3,99,95,86,4
335,51,5,0,2,0.2,0.3,99,95,86,4
336,51,5,2,4,0.7,0.8,99,95,86,4
337,51,5,1,2,0.3,0.4,99,95,86,4
338,51,5,1,4,0.2,0.5,99,95,86,4
339,51,5,0,2,0.2,0.3,99,95,86,4
340,51,6,25,9,0.3,0.7,48,16,1,4
341,51,6,41,12,0.5,1.2,46,53,47,4
342,51,6,3,4,0.4,1.1,99,95,86,4
343,51,6,22,8,0.3,1,13,1,86,4
344,51,6,4,4,0.5,1.3,99,95,86,4
345,51,6,2,4,0.3,1,99,95,86,4
346,51,6,1,3,0.2,0.6,99,95,86,4
347,51,6,0,2,0.2,0.1,99,95,86,4
348,51,6,1,3,0.3,0.5,99,95,86,4
349,51,6,0,1,0.5,6.604617184,99,95,86,4
350,51,7,0,2,0.2,0.3,99,95,86,4
351,51,7,1,3,0.3,0.6,99,95,86,4
352,51,7,0,2,0.2,0.1,99,95,86,4
353,51,7,1,3,0.2,0.5,99,95,86,4
354,51,7,1,3,0.2,0.6,99,95,86,4
355,51,7,15,7,0.3,0.8,1,95,86,4
356,51,7,1,3,0.2,0.3,99,95,86,4
357,51,7,0,1,0.5,12.46133665,99,95,86,4
358,51,7,1,4,0.2,0.4,99,95,86,4
359,51,7,1,4,0.2,0.5,99,95,86,4
360,51,7,2,3,0.3,0.7,99,95,86,4
361,51,7,19,6,0.4,1.2,99,95,86,4
362,51,7,37,10,0.5,1.3,62,24,7,4
363,51,7,7,4,0.3,2.3,99,95,86,4
364,51,7,11,5,0.5,3,99,95,86,4
365,51,7,31,10,0.3,1.1,45,32,13,4
366,51,7,0,1,0.5,1.733465379,99,95,86,4
367,51,7,2,3,0.3,0.7,99,95,86,4
368,51,7,5,5,0.3,0.6,99,95,86,4
369,51,7,1,3,0.2,0.5,99,95,86,4
370,51,7,2,4,0.2,0.8,99,95,86,4
371,51,7,1,3,0.2,0.5,99,95,86,4
372,51,7,1,3,0.2,0.3,99,95,86,4
373,26,1,3,4,0.3,0.8,99,95,86,4
374,26,1,44,8,2,8.8,9,1,86,4
375,26,2,20,7,0.6,2,14,95,86,4
376,26,2,1,2,0.6,0.5,99,95,86,4
377,26,2,3,4,0.6,1.4,99,95,86,4
378,26,2,4,4,0.5,1.2,99,95,86,4
379,26,2,4,4,0.3,1.7,99,95,86,4
380,26,2,47,9,1.9,4,40,13,1,4
381,26,2,69,17,0.8,3.6,82,65,54,4
382,26,2,30,8,0.5,1.8,47,7,86,4
383,26,2,6,5,0.3,1.7,99,95,86,4
384,26,2,2,4,0.2,0.8,99,95,86,4
385,26,2,5,6,0.3,1.1,99,95,86,4
386,26,3,1,2,0.6,0.7,99,95,86,4
387,26,3,6,5,0.3,1.3,99,95,86,4
388,26,3,43,9,0.3,2.2,58,12,0,4
389,26,3,23,6,0.3,3.8,99,95,86,4
390,26,3,42,8,0.7,3.7,33,2,86,4
391,26,3,104,20,0.5,2.5,80,73,55,4
392,26,3,9,5,0.3,2.5,99,95,86,4
393,26,4,2,3,0.5,1.2,99,95,86,4
394,26,4,22,6,1.6,6.2,99,95,86,4
395,26,4,29,6,0.5,2.8,99,95,86,4
396,26,4,61,10,0.3,4.2,79,39,17,4
397,26,4,40,9,0.6,3,45,11,0,4
398,26,4,11,5,0.5,2.5,99,95,86,4
399,26,5,70,13,0.5,1.8,96,81,69,4
400,26,6,1,3,0.5,0.7,99,95,86,4
401,26,6,1,3,0.2,0.5,99,95,86,4
402,26,6,0,2,0.2,0.3,99,95,86,4
403,26,6,1,3,0.2,0.5,99,95,86,4
404,26,6,1,3,0.3,0.5,99,95,86,4
405,26,6,1,3,0.2,0.5,99,95,86,4
406,26,6,1,2,0.3,0.5,99,95,86,4
407,26,6,6,6,0.5,1.1,99,95,86,4
408,26,6,1,3,0.5,0.6,99,95,86,4
409,26,6,1,3,0.2,0.5,99,95,86,4
410,26,6,6,5,0.6,1.5,99,95,86,4
411,26,6,0,2,0.3,0.2,99,95,86,4
412,26,6,0,2,0.2,0.3,99,95,86,4
413,26,6,2,3,0.3,0.7,99,95,86,4
414,26,6,3,5,0.3,1.2,99,95,86,4
415,26,6,0,2,0.2,0.3,99,95,86,4
416,31,1,92,17,0.6,2.3,86,75,60,5
417,31,2,24,5,0.6,3.4,99,95,86,5
418,31,3,56,11,1.5,6.3,67,46,48,5
419,31,3,97,16,0.8,5,94,74,55,5
420,31,3,122,19,1.5,5.5,80,64,62,5
421,31,4,12,5,0.4,3.3,99,95,86,5
422,31,4,46,9,1.2,2.3,60,41,14,5
423,31,5,44,11,0.4,1.6,61,45,36,5
424,31,5,35,8,0.5,1.6,48,12,86,5
425,31,5,39,7,0.7,4,1,95,86,5
426,31,6,23,7,0.3,1.4,1,95,86,5
427,31,6,98,16,0.8,2.6,91,82,78,5
428,31,6,1,2,0.5,0.5,99,95,86,5
429,31,6,33,8,0.3,0.8,67,34,86,5
430,31,6,22,7,0.3,1,13,95,86,5
431,31,6,40,8,0.4,1.1,65,33,86,5
432,44,1,24,7,0.3,1.8,2,95,86,5
433,44,1,1,3,0.3,0.3,99,95,86,5
434,44,1,39,8,0.3,2.1,38,11,86,5
435,44,1,19,6,0.3,2.2,99,95,86,5
436,44,1,37,8,0.6,3.2,32,6,86,5
437,44,2,95,17,0.6,3,87,75,72,5
438,44,2,12,4,0.3,1.2,99,95,86,5
439,44,2,34,7,0.2,1.8,13,95,86,5
440,44,2,13,5,0.3,2,99,95,86,5
441,44,2,39,8,0.3,2.6,28,5,86,5
442,44,2,20,6,0.6,1.6,99,95,86,5
443,44,2,40,9,0.5,3.1,35,13,1,5
444,44,3,123,20,1.4,4,91,82,70,5
445,44,3,2,3,0.3,0.6,99,95,86,5
446,44,3,5,4,0.3,0.8,99,95,86,5
447,44,3,15,6,0.3,1.5,99,95,86,5
448,44,3,28,8,0.3,1,14,3,86,5
449,44,3,23,7,0.4,1.3,0,95,86,5
450,44,3,6,5,0.2,0.6,99,95,86,5
451,44,3,2,4,0.2,0.6,99,95,86,5
452,44,3,53,10,0.4,2.2,73,47,29,5
453,44,3,46,9,0.4,2.1,58,37,9,5
454,44,4,1,2,0.5,0.5,99,95,86,5
455,44,4,1,3,0.3,0.3,99,95,86,5
456,44,4,1,3,0.3,0.8,99,95,86,5
457,44,4,3,4,0.2,0.9,99,95,86,5
458,44,4,9,4,0.4,1.6,99,95,86,5
459,44,4,34,8,0.2,1.5,37,15,86,5
460,44,4,36,8,0.3,2,27,5,86,5
461,44,4,67,15,0.6,1.9,53,55,56,5
462,44,5,65,11,1.1,4.8,70,61,58,5
463,44,5,146,25,0.6,3.5,94,94,82,5
464,44,6,5,4,0.2,1,99,95,86,5
465,44,6,1,3,0.3,0.3,99,95,86,5
466,44,6,3,4,0.3,1.2,99,95,86,5
467,44,6,2,3,0.3,0.7,99,95,86,5
468,44,6,1,3,0.3,0.3,99,95,86,5
469,44,6,1,2,0.5,0.5,99,95,86,5
470,44,6,46,11,0.3,2,57,39,34,5
471,6,1,1,2,0.5,0.5,99,95,86,5
472,6,1,6,4,0.9,2.1,99,95,86,5
473,6,1,16,4,0.6,3.1,99,95,86,5
474,6,2,3,3,0.8,1.5,99,95,86,5
475,6,2,3,3,0.6,1,99,95,86,5
476,6,2,2,3,0.6,0.8,99,95,86,5
477,6,2,1,3,0.3,0.9,99,95,86,5
478,6,2,3,3,0.6,1.8,99,95,86,5
479,6,2,2,3,0.4,1,99,95,86,5
480,6,2,5,4,0.6,1.2,99,95,86,5
481,6,2,2,3,0.5,0.8,99,95,86,5
482,6,3,4,3,0.6,2.1,99,95,86,5
483,6,3,17,6,0.5,2,99,95,86,5
484,6,3,5,5,0.4,0.7,99,95,86,5
485,6,3,16,6,0.8,2.5,99,95,86,5
486,6,3,35,10,0.8,2.6,41,24,11,5
487,6,4,5,4,0.4,1.8,99,95,86,5
488,6,4,1,2,0.9,0.6,99,95,86,5
489,6,4,5,5,0.5,0.9,99,95,86,5
490,6,4,2,3,0.3,1,99,95,86,5
491,6,4,4,3,1,2,99,95,86,5
492,6,4,10,4,0.6,3.2,99,95,86,5
493,6,4,18,7,0.4,1.1,9,95,86,5
494,6,5,9,5,0.3,1.4,99,95,86,5
495,6,5,2,3,0.3,1.1,99,95,86,5
496,6,5,10,5,0.3,1.7,99,95,86,5
497,6,5,2,3,0.5,1.1,99,95,86,5
498,6,5,26,7,0.6,3,5,95,86,5
499,6,6,3,3,0.5,1.3,99,95,86,5
500,6,6,2,3,0.4,0.8,99,95,86,5
501,6,6,22,6,1,4.3,99,95,86,5
502,6,6,13,5,0.8,2.2,99,95,86,5
503,6,6,9,4,1,2.8,99,95,86,5
504,6,6,13,5,0.6,2,99,95,86,5
505,6,7,26,9,0.8,2.3,9,5,0,5
506,29,1,7,5,0.2,0.6,99,95,86,5
507,29,1,24,8,0.2,0.7,32,7,86,5
508,29,2,125,18,0.6,1.5,25,22,80,5
509,29,3,114,21,0.5,1,24,93,72,5
510,29,4,25,8,0.3,1,13,1,86,5
511,29,4,2,5,0.3,0.6,99,95,86,5
512,29,4,16,7,0.2,0.6,5,95,86,5
513,29,4,11,6,0.3,1,99,95,86,5
514,29,5,26,7,0.6,1.2,10,95,86,5
515,29,6,10,6,0.2,0.7,99,95,86,5
516,29,6,114,20,0.5,1.3,97,84,63,5
517,29,7,8,5,0.7,1.5,99,95,86,5
518,29,7,6,5,0.2,0.7,99,95,86,5
519,29,7,1,3,0.2,0.6,99,95,86,5
520,29,7,4,4,0.6,0.9,99,95,86,5
521,29,7,88,18,0.6,2.2,73,60,46,5
522,46,1,62,12,0.6,3.3,81,70,55,5
523,46,2,5,4,0.5,2.6,99,95,86,5
524,46,2,3,3,0.4,1.4,99,95,86,5
525,46,2,2,4,0.2,1,99,95,86,5
526,46,2,8,5,0.2,1.6,99,95,86,5
527,46,2,26,6,1.1,5.1,99,95,86,5
528,46,2,14,5,0.8,2.5,99,95,86,5
529,46,2,79,16,0.6,2.8,82,66,49,5
530,46,3,29,7,0.6,3.3,0,95,86,5
531,46,4,91,17,0.5,2.1,89,67,57,5
532,46,4,39,10,0.6,1.6,49,40,24,5
533,46,5,20,7,0.3,1.4,0,95,86,5
534,46,6,42,9,1.4,4.6,54,29,8,5
535,46,6,37,9,0.6,2.5,48,27,4,5
536,46,6,20,7,0.4,1.1,12,95,86,5
537,46,7,195,24,0.6,3.9,26,23,23,5
538,5,1,1,3,0.3,0.3,99,95,86,5
539,5,1,2,3,0.4,0.8,99,95,86,5
540,5,1,9,5,0.4,1.1,99,95,86,5
541,5,1,12,6,0.6,1.4,99,95,86,5
542,5,1,1,3,0.3,0.6,99,95,86,5
543,5,1,2,3,0.3,0.8,99,95,86,5
544,5,1,1,3,0.3,0.3,99,95,86,5
545,5,1,10,5,0.5,1.1,99,95,86,5
546,5,2,1,3,0.3,0.3,99,95,86,5
547,5,2,15,6,0.3,1.9,99,95,86,5
548,5,2,1,3,0.3,0.3,99,95,86,5
549,5,2,1,3,0.3,0.3,99,95,86,5
550,5,2,1,2,0.5,0.5,99,95,86,5
551,5,2,1,2,0.5,0.5,99,95,86,5
552,5,2,1,2,0.5,0.5,99,95,86,5
553,5,2,1,2,0.5,0.5,99,95,86,5
554,5,2,1,2,0.5,0.5,99,95,86,5
555,5,2,28,8,0.3,2,28,5,86,5
556,5,2,32,8,0.5,2.5,33,9,86,5
557,5,3,2,4,0.3,0.6,99,95,86,5
558,5,3,1,2,0.5,0.5,99,95,86,5
559,5,3,15,7,0.2,1.5,0,95,86,5
560,5,3,18,6,0.3,1.5,99,95,86,5
561,5,3,1,3,0.3,0.3,99,95,86,5
562,5,3,1,3,0.3,0.3,99,95,86,5
563,5,3,1,3,0.3,0.7,99,95,86,5
564,5,3,18,6,0.4,1.5,99,95,86,5
565,5,3,53,13,0.6,2.2,60,38,40,5
566,5,4,1,3,0.3,0.9,99,95,86,5
567,5,4,5,4,0.5,1.6,99,95,86,5
568,5,4,16,6,0.4,1.5,99,95,86,5
569,5,4,44,10,0.6,2.5,54,29,11,5
570,5,4,48,13,1,2.8,42,31,28,5
571,5,4,41,10,0.5,2,55,35,16,5
572,5,5,1,2,0.5,0.5,99,95,86,5
573,5,5,1,2,0.5,0.5,99,95,86,5
574,5,5,1,2,0.5,0.5,99,95,86,5
575,5,5,1,2,0.5,0.5,99,95,86,5
576,5,5,1,2,0.5,0.5,99,95,86,5
577,5,5,1,3,0.3,0.3,99,95,86,5
578,5,5,2,3,0.5,0.8,99,95,86,5
579,5,5,2,3,0.5,0.7,99,95,86,5
580,5,5,2,3,0.3,0.7,99,95,86,5
581,5,5,2,4,0.3,0.8,99,95,86,5
582,5,5,2,3,0.5,1.3,99,95,86,5
583,5,5,7,5,0.5,1,99,95,86,5
584,5,5,10,6,0.3,0.7,99,95,86,5
585,5,6,19,8,0.3,2,27,6,86,5
586,5,6,3,4,0.5,1.1,99,95,86,5
587,5,6,13,11,0.3,1.5,5,3,1,5
588,5,6,39,10,0.5,1.7,49,48,42,5
589,5,6,31,12,0.6,1.5,29,13,9,5
590,5,7,3,3,0.3,1.6,99,95,86,5
591,5,7,1,2,0.5,0.5,99,95,86,5
592,5,7,2,3,0.4,0.8,99,95,86,5
593,5,7,1,3,0.3,0.6,99,95,86,5
594,5,7,1,3,0.2,0.7,99,95,86,5
595,5,7,1,2,0.5,0.5,99,95,86,5
596,5,7,3,4,0.2,1.3,99,95,86,5
597,5,7,2,3,0.3,1.1,99,95,86,5
598,5,7,1,3,0.3,0.3,99,95,86,5
599,5,7,13,5,0.8,1.2,99,95,86,5
600,5,7,30,8,0.6,2.2,36,8,86,5
601,36,1,108,20,0.5,1.5,88,73,58,5
602,36,2,5,5,0.5,0.8,99,95,86,5
603,36,2,2,3,0.3,0.6,99,95,86,5
604,36,2,1,3,0.2,0.5,99,95,86,5
605,36,2,3,3,0.5,1.1,99,95,86,5
606,36,2,5,4,0.3,1.6,99,95,86,5
607,36,2,21,7,0.3,1.1,5,95,86,5
608,36,3,27,8,1.1,2.3,12,1,86,5
609,36,4,1,4,0.2,0.5,99,95,86,5
610,36,4,1,3,0.3,0.3,99,95,86,5
611,36,4,73,17,0.9,2.5,71,48,45,5
612,36,4,70,17,0.5,1.8,68,55,56,5
613,36,5,1,3,0.3,0.3,99,95,86,5
614,36,5,2,4,0.3,0.5,99,95,86,5
615,36,5,25,7,0.5,1.1,8,95,86,5
616,36,5,1,3,0.3,0.3,99,95,86,5
617,36,5,1,3,0.3,0.5,99,95,86,5
618,36,5,28,9,0.5,1.1,34,10,1,5
619,36,5,47,13,0.3,1,72,53,44,5
620,36,5,1,3,0.3,0.3,99,95,86,5
621,36,5,1,4,0.2,0.5,99,95,86,5
622,36,5,10,8,0.5,1,4,2,86,5
623,36,6,2,3,0.2,0.7,99,95,86,5
624,36,6,8,5,0.3,1,99,95,86,5
625,36,6,57,15,0.7,2.4,58,51,53,5
626,36,6,13,6,0.5,3.9,99,95,86,5
627,36,6,20,9,0.5,2,5,2,0,5
628,24,1,43,9,0.5,1.2,47,9,0,5
629,24,1,37,10,0.5,2.8,10,4,0,5
630,24,2,2,5,0.2,0.5,99,95,86,5
631,24,2,3,5,0.2,0.5,99,95,86,5
632,24,2,3,4,0.2,0.6,99,95,86,5
633,24,2,24,8,0.5,1.3,15,5,86,5
634,24,3,47,8,0.2,1.4,47,27,86,5
635,24,3,58,8,1.6,5.3,47,30,86,5
636,24,3,89,16,1.5,4.2,75,63,53,5
637,24,4,58,10,0.5,1.8,91,56,27,5
638,24,5,57,12,0.6,2.1,60,83,72,5
639,24,5,12,6,0.3,0.9,99,95,86,5
640,24,5,18,8,0.5,1.3,9,2,86,5
641,24,5,6,6,0.3,1,99,95,86,5
642,24,5,40,13,0.2,0.9,67,50,45,5
643,24,6,13,6,0.2,0.6,99,95,86,5
644,24,6,63,15,0.3,1.3,73,50,51,5
645,24,7,11,8,0.2,0.8,2,1,86,5
646,24,8,38,8,0.5,1.8,48,16,86,5
647,24,8,7,6,0.3,0.6,99,95,86,5
648,24,8,3,5,0.2,0.6,99,95,86,5
649,24,8,29,7,0.3,1.2,27,95,86,5
650,24,8,7,5,0.6,1.6,99,95,86,5
651,24,8,43,15,0.5,1.4,28,9,11,5
652,24,8,55,15,0.7,1.3,47,34,32,5
653,39,1,24,6,1.5,5.1,99,95,86,5
654,39,2,35,9,0.3,1.7,53,32,1,5
655,39,2,23,7,1.2,3.5,0,95,86,5
656,39,3,56,9,1.2,4.3,59,35,4,5
657,39,4,31,7,1.2,3.1,4,95,86,5
658,39,5,45,9,2.1,6.6,48,29,4,5
659,39,6,13,5,1,3.5,99,95,86,5
660,39,6,6,4,0.8,2.7,99,95,86,5
661,39,6,41,7,1.2,4.9,5,95,86,5
662,39,7,12,3,3.2,6.8,99,95,86,5
663,39,7,1,3,0.3,0.3,99,95,86,5
664,39,7,1,3,0.2,0.3,99,95,86,5
665,39,7,46,7,3.8,11,6,95,86,5
666,28,1,79,19,0.7,1.8,81,68,40,5
667,28,2,65,10,2.9,8.1,49,40,32,5
668,28,3,1,2,0.5,0.5,99,95,86,5
669,28,3,55,11,0.9,2.8,80,50,35,5
670,28,3,139,22,1.1,2.4,18,74,63,5
671,28,4,1,3,0.5,0.7,99,95,86,5
672,28,4,3,4,0.3,0.8,99,95,86,5
673,28,4,8,5,0.4,1.3,99,95,86,5
674,28,4,1,3,0.2,0.6,99,95,86,5
675,28,4,65,12,0.4,2.1,72,59,60,5
676,28,5,89,14,1.4,4.9,78,72,73,5
677,28,6,1,3,0.3,0.8,99,95,86,5
678,28,6,2,3,0.7,0.8,99,95,86,5
679,28,6,1,2,0.5,0.5,99,95,86,5
680,28,6,12,5,0.9,2.2,99,95,86,5
681,28,6,11,5,1.4,3.2,99,95,86,5
682,28,6,11,5,0.5,2.1,99,95,86,5
683,28,6,1,2,0.5,1,99,95,86,5
684,28,6,18,6,1,2.6,99,95,86,5
685,28,6,5,4,0.8,1.1,99,95,86,5
686,28,6,4,4,0.7,1.6,99,95,86,5
687,28,6,17,6,0.6,2,99,95,86,5
688,28,6,3,3,1.2,1.6,99,95,86,5
689,28,6,154,23,1.8,4.3,86,81,73,5
690,0,1,2,5,0.3,0.5,99,95,86,2
691,0,1,1,4,0.2,0.4,99,95,86,2
692,0,3,1,3,0.3,0.3,99,95,86,2
693,0,3,1,3,0.3,0.3,99,95,86,2
694,0,3,1,3,0.3,0.3,99,95,86,2
695,0,3,1,3,0.3,0.3,99,95,86,2
696,0,3,1,3,0.3,0.3,99,95,86,2
697,0,3,1,2,0.5,0.5,99,95,86,2
698,0,3,1,2,0.5,0.5,99,95,86,2
699,0,3,1,2,0.5,0.5,99,95,86,2
700,0,3,1,2,0.5,0.5,99,95,86,2
701,0,3,1,2,0.5,0.5,99,95,86,2
702,0,3,1,2,0.5,0.5,99,95,86,2
703,0,1,1,2,0.5,0.5,99,95,86,2
704,0,1,1,2,0.5,0.5,99,95,86,2
705,0,1,1,2,0.5,0.5,99,95,86,2
706,0,1,1,2,0.5,0.5,99,95,86,2
707,0,1,1,2,0.5,0.5,99,95,86,2
708,0,5,1,2,0.5,0.5,99,95,86,2
709,0,5,1,2,0.5,0.5,99,95,86,2
710,0,2,1,2,0.5,0.5,99,95,86,2
711,0,2,1,2,0.5,0.5,99,95,86,2
712,0,6,1,2,0.5,0.5,99,95,86,2
713,0,7,1,2,0.5,0.5,99,95,86,2
714,0,2,1,3,0.3,0.3,99,95,86,2
715,0,2,1,3,0.3,0.3,99,95,86,2
716,0,3,1,3,0.3,0.3,99,95,86,2
717,0,3,1,3,0.3,0.3,99,95,86,2
718,0,1,1,3,0.3,0.3,99,95,86,2
719,0,1,1,3,0.3,0.3,99,95,86,2
720,0,1,1,3,0.3,0.3,99,95,86,2
721,0,1,1,3,0.3,0.3,99,95,86,2
722,0,1,1,3,0.3,0.3,99,95,86,2
723,0,1,1,3,0.3,0.3,99,95,86,2
724,0,1,1,3,0.3,0.3,99,95,86,2
725,0,1,1,3,0.3,0.3,99,95,86,2
726,0,1,1,3,0.3,0.3,99,95,86,2
727,0,1,1,3,0.3,0.3,99,95,86,2
728,0,6,1,3,0.3,0.3,99,95,86,2
729,0,5,1,3,0.3,0.3,99,95,86,2
730,0,5,1,4,0.3,0.3,99,95,86,2
731,0,5,1,3,0.3,0.4,99,95,86,2
732,0,6,1,3,0.2,0.3,99,95,86,2
733,0,5,1,4,0.2,0.5,99,95,86,2
734,0,6,1,3,0.2,0.2,99,95,86,2
735,0,6,1,3,0.3,0.4,99,95,86,2
736,0,1,1,5,0.2,0.5,99,95,86,2
737,0,5,1,4,0.2,0.4,99,95,86,2
738,0,2,2,6,0.2,0.5,99,95,86,2
739,0,2,35,14,0.3,0.6,35,39,42,2
740,0,2,48,15,0.2,0.6,73,50,40,2
741,0,4,1,3,0.3,0.4,99,95,86,2
742,0,4,1,4,0.3,0.5,99,95,86,2
743,0,4,1,3,0.2,0.4,99,95,86,2
744,0,5,1,4,0.2,0.4,99,95,86,2
745,0,7,1,3,0.3,0.4,99,95,86,2
746,0,7,1,3,0.2,0.3,99,95,86,2
747,0,6,1,5,0.3,0.4,99,95,86,2
748,0,6,7,10,0.2,0.5,3,10,13,2
749,0,6,1,4,0.2,0.3,99,95,86,2
750,0,7,2,5,0.3,0.5,99,95,86,2
751,0,6,2,6,0.2,0.5,99,95,86,2
752,0,6,54,16,0.3,0.5,15,45,54,2
753,0,7,3,6,0.3,0.5,99,95,86,2
754,0,7,2,4,0.2,0.5,99,95,86,2
755,0,7,1,4,0.2,0.5,99,95,86,2
756,0,7,2,5,0.2,0.5,99,95,86,2
757,0,7,2,4,0.5,0.5,99,95,86,2
758,0,7,1,4,0.2,0.3,99,95,86,2
759,0,7,8,9,0.3,0.8,12,6,2,2
760,0,7,2,5,0.3,0.3,99,95,86,2
761,0,7,1,4,0.2,0.3,99,95,86,2
762,0,7,2,6,0.2,0.5,99,95,86,2
763,0,1,1,3,0.3,0.4,99,95,86,2
764,0,6,2,6,0.3,0.5,99,95,86,2
765,0,1,2,5,0.3,0.5,99,95,86,2
766,0,8,82,20,1,2.5,52,30,14,2
767,27,1,108,17,1,3.6,83,68,62,2
768,27,2,1,4,0.2,0.5,99,95,86,2
769,27,2,2,4,0.3,1,99,95,86,2
770,27,2,1,3,0.3,0.4,99,95,86,2
771,27,2,1,3,0.2,0.5,99,95,86,2
772,27,2,1,2,0.3,0.5,99,95,86,2
773,27,2,1,3,0.2,0.5,99,95,86,2
774,27,3,1,3,0.2,0.5,99,95,86,2
775,27,3,1,3,0.2,0.6,99,95,86,2
776,27,3,1,3,0.2,0.6,99,95,86,2
777,27,3,1,3,0.2,0.5,99,95,86,2
778,27,3,1,3,0.3,0.7,99,95,86,2
779,27,3,1,3,0.4,0.6,99,95,86,2
780,27,3,2,4,0.2,0.5,99,95,86,2
781,27,3,1,3,0.2,0.5,99,95,86,2
782,27,4,1,3,0.2,0.5,99,95,86,2
783,27,3,2,5,0.4,0.4,99,95,86,2
784,27,3,1,4,0.2,0.4,99,95,86,2
785,27,4,1,3,0.2,0.8,99,95,86,2
786,27,4,4,5,0.4,1.7,99,95,86,2
787,27,4,4,5,0.5,1.3,99,95,86,2
788,27,4,1,3,0.3,0.5,99,95,86,2
789,27,4,2,4,0.2,0.8,99,95,86,2
790,27,4,3,4,0.5,1.1,99,95,86,2
791,27,4,8,6,0.3,1.6,99,95,86,2
792,27,2,1,3,0.3,0.7,99,95,86,2
793,27,2,1,3,0.2,0.6,99,95,86,2
794,27,4,6,7,0.3,0.9,0,95,86,2
795,27,4,5,6,0.3,1.4,99,95,86,2
796,27,4,12,9,0.6,2.1,11,4,0,2
797,27,5,7,6,0.3,1.6,99,95,86,2
798,27,5,2,4,0.2,0.7,99,95,86,2
799,27,5,5,6,0.2,1.2,99,95,86,2
800,27,5,2,4,0.2,0.8,99,95,86,2
801,27,5,6,6,0.6,1.7,99,95,86,2
802,27,5,6,6,0.3,1.3,99,95,86,2
803,27,5,2,4,0.2,0.8,99,95,86,2
804,27,5,1,3,0.3,0.6,99,95,86,2
805,27,5,2,4,0.2,1,99,95,86,2
806,27,5,1,4,0.2,0.5,99,95,86,2
807,27,5,2,4,0.3,0.8,99,95,86,2
808,27,5,2,5,0.2,0.7,99,95,86,2
809,27,5,3,5,0.3,1,99,95,86,2
810,27,5,1,3,0.3,0.3,99,95,86,2
811,27,4,1,3,0.3,0.3,99,95,86,2
812,27,4,1,3,0.3,0.3,99,95,86,2
813,27,2,1,2,0.5,0.5,99,95,86,2
814,27,3,1,2,0.5,0.5,99,95,86,2
815,27,3,1,2,0.5,0.5,99,95,86,2
816,27,4,1,2,0.5,0.5,99,95,86,2
817,27,4,1,2,0.5,0.5,99,95,86,2
818,40,1,40,19,0.5,1.5,14,25,30,2
819,40,2,1,3,0.4,0.5,99,95,86,2
820,40,2,1,4,0.3,0.5,99,95,86,2
821,40,3,3,4,0.5,1.2,99,95,86,2
822,40,3,51,16,0.7,2.5,55,41,49,2
823,40,4,2,3,0.5,1,99,95,86,2
824,40,4,3,6,0.2,0.8,99,95,86,2
825,40,4,143,22,0.6,1.3,91,20,21,2
826,40,5,40,13,0.3,0.6,68,66,46,2
827,40,5,2,5,0.2,0.5,99,95,86,2
828,40,5,5,7,0.5,0.8,0,95,86,2
829,40,5,2,5,0.2,0.5,99,95,86,2
830,40,5,3,5,0.5,0.8,99,95,86,2
831,40,5,24,11,0.6,1.2,47,38,25,2
832,40,6,14,12,0.2,0.5,13,15,15,2
833,40,6,4,6,0.5,1.2,99,95,86,2
834,40,6,4,7,0.2,1,0,95,86,2
835,40,7,2,6,0.2,0.5,99,95,86,2
836,40,7,6,10,0.2,0.7,6,4,0,2
837,40,7,2,7,0.2,0.5,0,95,86,2
838,40,7,1,4,0.4,0.4,99,95,86,2
839,40,7,2,7,0.2,0.4,0,95,86,2
840,40,7,2,5,0.3,0.5,99,95,86,2
841,40,7,2,7,0.2,0.5,0,95,86,2
842,40,7,4,8,0.3,0.8,0,1,86,2
843,40,7,15,13,0.2,0.8,15,25,15,2
844,40,7,42,18,0.5,0.6,30,29,29,2
845,40,2,1,3,0.3,0.3,99,95,86,2
846,40,2,1,3,0.3,0.3,99,95,86,2
847,40,2,1,3,0.3,0.3,99,95,86,2
848,40,2,1,3,0.3,0.3,99,95,86,2
849,40,4,1,3,0.3,0.3,99,95,86,2
850,40,4,1,3,0.3,0.3,99,95,86,2
851,40,5,1,3,0.3,0.3,99,95,86,2
852,40,5,1,3,0.3,0.3,99,95,86,2
853,40,5,1,3,0.3,0.3,99,95,86,2
854,40,5,1,3,0.3,0.3,99,95,86,2
855,40,5,1,3,0.3,0.3,99,95,86,2
856,40,5,1,3,0.3,0.3,99,95,86,2
857,40,7,1,3,0.3,0.3,99,95,86,2
858,40,7,1,3,0.3,0.3,99,95,86,2
859,40,7,1,3,0.3,0.3,99,95,86,2
860,40,7,1,3,0.3,0.3,99,95,86,2
861,40,2,1,2,0.5,0.5,99,95,86,2
862,40,2,1,2,0.5,0.5,99,95,86,2
863,40,2,1,2,0.5,0.5,99,95,86,2
864,40,4,1,2,0.5,0.5,99,95,86,2
865,40,4,1,2,0.5,0.5,99,95,86,2
866,40,7,1,2,0.5,0.5,99,95,86,2
867,40,7,1,2,0.5,0.5,99,95,86,2
868,40,7,1,2,0.5,0.5,99,95,86,2
869,40,7,1,2,0.5,0.5,99,95,86,2
870,40,7,1,2,0.5,0.5,99,95,86,2
871,40,4,1,1,1,2.819937345,99,95,86,2
872,40,5,1,1,1,7.287313471,99,95,86,2
873,40,5,1,1,1,5.663796023,99,95,86,2
874,40,7,1,1,1,2.985609376,99,95,86,2
875,40,7,1,1,1,10.62245686,99,95,86,2
876,40,7,1,1,1,10.12735207,99,95,86,2
877,40,7,1,1,1,7.583708783,99,95,86,2
878,40,7,1,4,0.3,0.3,99,95,86,2
879,40,7,1,4,0.3,0.3,99,95,86,2
880,40,7,1,3,0.3,0.3,99,95,86,2
881,40,7,1,3,0.3,0.3,99,95,86,2
882,40,7,1,3,0.3,0.3,99,95,86,2
883,49,1,1,4,0.2,0.5,99,95,86,2
884,49,1,1,4,0.2,0.4,99,95,86,2
885,49,2,2,5,0.2,0.8,99,95,86,2
886,49,2,2,4,0.3,0.8,99,95,86,2
887,49,2,3,5,0.3,0.6,99,95,86,2
888,49,2,2,4,0.2,0.6,99,95,86,2
889,49,2,3,5,0.2,0.6,99,95,86,2
890,49,2,2,5,0.2,0.7,99,95,86,2
891,49,3,1,4,0.2,0.5,99,95,86,2
892,49,3,1,4,0.2,0.5,99,95,86,2
893,49,3,1,4,0.2,0.5,99,95,86,2
894,49,8,1,3,0.2,0.5,99,95,86,2
895,49,8,1,3,0.2,0.5,99,95,86,2
896,49,1,1,3,0.2,0.4,99,95,86,2
897,49,1,1,3,0.2,0.5,99,95,86,2
898,49,7,2,4,0.2,0.7,99,95,86,2
899,49,7,3,5,0.3,1,99,95,86,2
900,49,7,1,4,0.2,0.6,99,95,86,2
901,49,7,3,5,0.3,0.8,99,95,86,2
902,49,1,1,3,0.2,0.6,99,95,86,2
903,49,8,1,4,0.2,0.5,99,95,86,2
904,49,8,2,4,0.2,0.6,99,95,86,2
905,49,8,2,4,0.2,0.7,99,95,86,2
906,49,8,2,4,0.2,0.8,99,95,86,2
907,49,8,1,4,0.2,0.5,99,95,86,2
908,49,1,1,1,1,5.656565773,99,95,86,2
909,49,1,1,1,1,1.079260167,99,95,86,2
910,49,4,1,1,1,9.915407391,99,95,86,2
911,49,5,1,1,1,5.356313652,99,95,86,2
912,49,6,1,1,1,3.604018727,99,95,86,2
913,49,6,1,1,1,12.31342584,99,95,86,2
914,49,2,1,2,0.5,0.5,99,95,86,2
915,49,3,1,2,0.5,0.5,99,95,86,2
916,49,3,1,2,0.5,0.5,99,95,86,2
917,49,3,1,2,0.5,0.5,99,95,86,2
918,49,4,1,2,0.5,0.5,99,95,86,2
919,49,4,1,2,0.5,0.5,99,95,86,2
920,49,4,1,2,0.5,0.5,99,95,86,2
921,49,4,1,2,0.5,0.5,99,95,86,2
922,49,4,1,2,0.5,0.5,99,95,86,2
923,49,4,1,2,0.5,0.5,99,95,86,2
924,49,4,1,2,0.5,0.5,99,95,86,2
925,49,5,1,2,0.5,0.5,99,95,86,2
926,49,5,1,2,0.5,0.5,99,95,86,2
927,49,5,1,2,0.5,0.5,99,95,86,2
928,49,5,1,2,0.5,0.5,99,95,86,2
929,49,5,1,2,0.5,0.5,99,95,86,2
930,49,5,1,2,0.5,0.5,99,95,86,2
931,49,6,1,2,0.5,0.5,99,95,86,2
932,49,6,1,2,0.5,0.5,99,95,86,2
933,49,6,1,2,0.5,0.5,99,95,86,2
934,49,6,1,2,0.5,0.5,99,95,86,2
935,49,6,1,2,0.5,0.5,99,95,86,2
936,49,6,1,2,0.5,0.5,99,95,86,2
937,49,6,1,2,0.5,0.5,99,95,86,2
938,49,6,1,2,0.5,0.5,99,95,86,2
939,49,7,1,2,0.5,0.5,99,95,86,2
940,49,7,1,2,0.5,0.5,99,95,86,2
941,49,7,1,2,0.5,0.5,99,95,86,2
942,49,8,1,2,0.5,0.5,99,95,86,2
943,49,8,1,2,0.5,0.5,99,95,86,2
944,49,8,1,2,0.5,0.5,99,95,86,2
945,49,8,1,2,0.5,0.5,99,95,86,2
946,49,8,1,2,0.5,0.5,99,95,86,2
947,49,8,1,2,0.5,0.5,99,95,86,2
948,49,8,1,2,0.5,0.5,99,95,86,2
949,49,8,1,2,0.5,0.5,99,95,86,2
950,49,8,1,2,0.5,0.5,99,95,86,2
951,49,8,1,2,0.5,0.5,99,95,86,2
952,49,8,1,2,0.5,0.5,99,95,86,2
953,49,2,1,3,0.3,0.3,99,95,86,2
954,49,3,1,3,0.3,0.3,99,95,86,2
955,49,3,1,3,0.3,0.3,99,95,86,2
956,49,3,1,3,0.3,0.3,99,95,86,2
957,49,4,1,3,0.3,0.3,99,95,86,2
958,49,4,1,3,0.3,0.3,99,95,86,2
959,49,4,1,3,0.3,0.3,99,95,86,2
960,49,4,1,3,0.3,0.3,99,95,86,2
961,49,4,1,3,0.3,0.3,99,95,86,2
962,49,4,1,3,0.3,0.3,99,95,86,2
963,49,4,1,3,0.3,0.3,99,95,86,2
964,49,4,1,3,0.3,0.3,99,95,86,2
965,49,4,1,3,0.3,0.3,99,95,86,2
966,49,5,1,3,0.3,0.3,99,95,86,2
967,49,5,1,3,0.3,0.3,99,95,86,2
968,49,5,1,3,0.3,0.3,99,95,86,2
969,49,5,1,3,0.3,0.3,99,95,86,2
970,49,5,1,3,0.3,0.3,99,95,86,2
971,49,5,1,3,0.3,0.3,99,95,86,2
972,49,5,1,3,0.3,0.3,99,95,86,2
973,49,5,1,3,0.3,0.3,99,95,86,2
974,49,5,1,3,0.3,0.3,99,95,86,2
975,49,6,1,3,0.3,0.3,99,95,86,2
976,49,6,1,3,0.3,0.3,99,95,86,2
977,49,6,1,3,0.3,0.3,99,95,86,2
978,49,6,1,3,0.3,0.3,99,95,86,2
979,49,6,1,3,0.3,0.3,99,95,86,2
980,49,6,1,3,0.3,0.3,99,95,86,2
981,49,6,1,3,0.3,0.3,99,95,86,2
982,49,6,1,3,0.3,0.3,99,95,86,2
983,49,6,1,3,0.3,0.3,99,95,86,2
984,49,7,1,3,0.3,0.3,99,95,86,2
985,49,7,1,3,0.3,0.3,99,95,86,2
986,49,7,1,3,0.3,0.3,99,95,86,2
987,49,7,1,3,0.3,0.3,99,95,86,2
988,49,7,1,3,0.3,0.3,99,95,86,2
989,49,7,1,3,0.3,0.3,99,95,86,2
990,49,8,1,3,0.3,0.3,99,95,86,2
991,49,8,1,3,0.3,0.3,99,95,86,2
992,49,8,1,3,0.3,0.3,99,95,86,2
993,49,8,1,3,0.3,0.3,99,95,86,2
994,49,8,1,3,0.3,0.3,99,95,86,2
995,49,8,1,3,0.3,0.3,99,95,86,2
996,49,8,1,3,0.3,0.3,99,95,86,2
997,49,8,1,3,0.3,0.3,99,95,86,2
998,49,8,1,3,0.3,0.3,99,95,86,2
999,49,8,1,3,0.3,0.3,99,95,86,2
1000,49,8,1,3,0.3,0.3,99,95,86,2
1001,49,8,1,3,0.3,0.3,99,95,86,2
1002,49,8,1,3,0.3,0.3,99,95,86,2
1003,49,8,1,3,0.3,0.3,99,95,86,2
1004,49,8,1,3,0.3,0.3,99,95,86,2
1005,49,8,1,3,0.3,0.3,99,95,86,2
1006,49,8,1,3,0.3,0.3,99,95,86,2
1007,49,8,1,3,0.3,0.3,99,95,86,2
1008,49,8,1,3,0.3,0.3,99,95,86,2
1009,37,1,129,18,1.5,3.2,17,90,83,2
1010,37,2,71,20,0.3,1.5,49,49,50,2
1011,37,3,1,3,0.3,0.5,99,95,86,2
1012,37,4,2,6,0.2,0.6,99,95,86,2
1013,37,4,2,5,0.2,0.7,99,95,86,2
1014,37,4,3,6,0.2,0.7,99,95,86,2
1015,37,4,1,4,0.3,0.5,99,95,86,2
1016,37,4,2,6,0.3,0.3,99,95,86,2
1017,37,4,1,3,0.3,0.5,99,95,86,2
1018,37,4,2,4,0.3,0.5,99,95,86,2
1019,37,4,5,7,0.2,0.8,0,95,86,2
1020,37,5,44,16,0.5,1.8,36,29,30,2
1021,37,5,4,5,0.3,0.8,99,95,86,2
1022,37,5,2,5,0.2,0.5,99,95,86,2
1023,37,3,1,3,0.2,0.7,99,95,86,2
1024,37,3,1,3,0.3,0.5,99,95,86,2
1025,37,3,1,3,0.2,0.3,99,95,86,2
1026,37,6,1,4,0.2,0.5,99,95,86,2
1027,37,6,1,4,0.2,0.3,99,95,86,2
1028,37,6,2,5,0.2,0.5,99,95,86,2
1029,37,6,2,4,0.2,0.6,99,95,86,2
1030,37,7,6,7,0.2,0.5,2,95,86,2
1031,37,3,1,3,0.4,0.5,99,95,86,2
1032,37,4,1,3,0.2,0.5,99,95,86,2
1033,37,3,2,4,0.2,0.5,99,95,86,2
1034,37,3,1,4,0.2,0.5,99,95,86,2
1035,37,4,2,4,0.2,0.5,99,95,86,2
1036,37,5,1,1,1,4.060475659,99,95,86,2
1037,37,7,1,1,1,4.139285388,99,95,86,2
1038,37,5,1,2,0.5,0.5,99,95,86,2
1039,37,6,1,2,0.5,0.5,99,95,86,2
1040,37,6,1,2,0.5,0.5,99,95,86,2
1041,37,7,1,2,0.5,0.5,99,95,86,2
1042,37,7,1,2,0.5,0.5,99,95,86,2
1043,37,5,1,2,0.5,0.5,99,95,86,2
1044,37,4,1,2,0.5,0.5,99,95,86,2
1045,37,4,1,3,0.3,0.3,99,95,86,2
1046,37,4,1,3,0.3,0.3,99,95,86,2
1047,37,4,1,3,0.3,0.3,99,95,86,2
1048,37,4,1,3,0.3,0.3,99,95,86,2
1049,37,4,1,3,0.3,0.3,99,95,86,2
1050,37,6,1,3,0.3,0.3,99,95,86,2
1051,37,6,1,3,0.3,0.3,99,95,86,2
1052,37,6,1,3,0.3,0.3,99,95,86,2
1053,37,6,1,3,0.3,0.3,99,95,86,2
1054,37,6,1,3,0.3,0.3,99,95,86,2
1055,37,6,1,3,0.3,0.3,99,95,86,2
1056,37,6,1,3,0.3,0.3,99,95,86,2
1057,37,7,1,3,0.3,0.3,99,95,86,2
1058,37,7,1,3,0.3,0.3,99,95,86,2
1059,37,7,1,3,0.3,0.3,99,95,86,2
1060,37,7,1,3,0.3,0.3,99,95,86,2
1061,37,3,1,4,0.3,0.3,99,95,86,2
1062,37,7,1,4,0.3,0.3,99,95,86,2
1063,37,7,1,4,0.3,0.3,99,95,86,2
1064,37,7,1,3,0.3,0.3,99,95,86,2
1065,37,7,1,4,0.3,0.3,99,95,86,2
1066,37,7,1,2,0.5,0.5,99,95,86,2
1067,37,7,1,4,0.3,0.3,99,95,86,2
1068,37,7,1,3,0.3,0.3,99,95,86,2
1069,37,7,1,4,0.3,0.3,99,95,86,2
1070,37,7,1,2,0.5,0.5,99,95,86,2
1071,52,3,1,4,0.2,0.5,99,95,86,2
1072,52,1,1,3,0.3,0.5,99,95,86,2
1073,52,3,1,4,0.2,0.5,99,95,86,2
1074,52,2,1,3,0.2,0.5,99,95,86,2
1075,52,4,2,4,0.3,0.6,99,95,86,2
1076,52,4,1,1,1,3.59050049,99,95,86,2
1077,52,4,1,1,1,12.45443853,99,95,86,2
1078,52,4,1,1,1,10.66955765,99,95,86,2
1079,52,4,1,1,1,3.500428728,99,95,86,2
1080,52,5,1,1,1,4.262602842,99,95,86,2
1081,52,5,1,1,1,1.266165317,99,95,86,2
1082,52,5,1,1,1,11.88554555,99,95,86,2
1083,52,5,1,1,1,6.416441018,99,95,86,2
1084,52,5,1,1,1,11.14231781,99,95,86,2
1085,52,1,1,2,0.5,0.5,99,95,86,2
1086,52,1,1,2,0.5,0.5,99,95,86,2
1087,52,1,1,2,0.5,0.5,99,95,86,2
1088,52,1,1,2,0.5,0.5,99,95,86,2
1089,52,1,1,2,0.5,0.5,99,95,86,2
1090,52,1,1,2,0.5,0.5,99,95,86,2
1091,52,2,1,2,0.5,0.5,99,95,86,2
1092,52,2,1,2,0.5,0.5,99,95,86,2
1093,52,2,1,2,0.5,0.5,99,95,86,2
1094,52,2,1,2,0.5,0.5,99,95,86,2
1095,52,4,1,2,0.5,0.5,99,95,86,2
1096,52,4,1,2,0.5,0.5,99,95,86,2
1097,52,4,1,2,0.5,0.5,99,95,86,2
1098,52,4,1,2,0.5,0.5,99,95,86,2
1099,52,4,1,2,0.5,0.5,99,95,86,2
1100,52,4,1,2,0.5,0.5,99,95,86,2
1101,52,4,1,2,0.5,0.5,99,95,86,2
1102,52,4,1,2,0.5,0.5,99,95,86,2
1103,52,4,1,2,0.5,0.5,99,95,86,2
1104,52,4,1,2,0.5,0.5,99,95,86,2
1105,52,4,1,2,0.5,0.5,99,95,86,2
1106,52,5,1,2,0.5,0.5,99,95,86,2
1107,52,5,1,2,0.5,0.5,99,95,86,2
1108,52,5,1,2,0.5,0.5,99,95,86,2
1109,52,5,1,2,0.5,0.5,99,95,86,2
1110,52,2,1,3,0.3,0.3,99,95,86,2
1111,52,2,1,3,0.3,0.3,99,95,86,2
1112,52,2,1,3,0.3,0.3,99,95,86,2
1113,52,2,1,3,0.3,0.3,99,95,86,2
1114,52,2,1,3,0.3,0.3,99,95,86,2
1115,52,3,1,3,0.3,0.3,99,95,86,2
1116,52,3,1,3,0.3,0.3,99,95,86,2
1117,52,3,1,3,0.3,0.3,99,95,86,2
1118,52,3,1,3,0.3,0.3,99,95,86,2
1119,52,3,1,3,0.3,0.3,99,95,86,2
1120,52,3,1,3,0.3,0.3,99,95,86,2
1121,52,3,1,3,0.3,0.3,99,95,86,2
1122,52,3,1,3,0.3,0.3,99,95,86,2
1123,52,4,1,3,0.3,0.3,99,95,86,2
1124,52,4,1,3,0.3,0.3,99,95,86,2
1125,52,4,1,3,0.3,0.3,99,95,86,2
1126,52,4,1,3,0.3,0.3,99,95,86,2
1127,52,4,1,3,0.3,0.3,99,95,86,2
1128,52,4,1,3,0.3,0.3,99,95,86,2
1129,52,4,1,3,0.3,0.3,99,95,86,2
1130,52,4,1,3,0.3,0.3,99,95,86,2
1131,52,4,1,3,0.3,0.3,99,95,86,2
1132,52,5,1,3,0.3,0.3,99,95,86,2
1133,52,5,1,3,0.3,0.3,99,95,86,2
1134,52,5,1,3,0.3,0.3,99,95,86,2
1135,52,5,1,3,0.3,0.3,99,95,86,2
1136,52,5,1,3,0.3,0.3,99,95,86,2
1137,52,5,1,3,0.3,0.3,99,95,86,2
1138,52,5,1,3,0.3,0.3,99,95,86,2
1139,52,5,1,3,0.3,0.3,99,95,86,2
1140,52,5,1,3,0.3,0.3,99,95,86,2
1141,52,5,1,3,0.3,0.3,99,95,86,2
1142,52,5,1,3,0.3,0.3,99,95,86,2
1143,52,5,1,3,0.3,0.3,99,95,86,2
1144,52,5,1,3,0.3,0.3,99,95,86,2
1145,52,4,1,4,0.3,0.3,99,95,86,2
1146,52,4,1,4,0.3,0.3,99,95,86,2
1147,52,4,1,4,0.3,0.3,99,95,86,2
1148,52,4,1,4,0.3,0.3,99,95,86,2
1149,52,4,1,4,0.3,0.3,99,95,86,2
1150,52,4,1,4,0.3,0.3,99,95,86,2
1151,52,5,1,4,0.3,0.3,99,95,86,2
1152,52,5,1,4,0.3,0.3,99,95,86,2
1153,2,2,1,4,0.2,0.5,99,95,86,2
1154,2,2,1,3,0.3,0.6,99,95,86,2
1155,2,2,1,4,0.2,0.3,99,95,86,2
1156,2,2,1,3,0.2,0.3,99,95,86,2
1157,2,3,89,15,0.6,2.5,82,63,74,2
1158,2,4,125,19,0.7,3.5,86,74,78,2
1159,2,5,1,3,0.3,0.6,99,95,86,2
1160,2,5,3,5,0.4,1,99,95,86,2
1161,2,5,2,4,0.2,0.7,99,95,86,2
1162,2,6,1,4,0.2,0.7,99,95,86,2
1163,2,6,2,5,0.2,0.5,99,95,86,2
1164,2,6,1,5,0.2,0.3,99,95,86,2
1165,2,6,2,6,0.2,0.5,99,95,86,2
1166,2,6,2,7,0.2,0.6,0,95,86,2
1167,2,6,3,7,0.2,0.5,0,95,86,2
1168,2,2,1,4,0.2,0.4,99,95,86,2
1169,2,2,1,4,0.3,0.3,99,95,86,2
1170,2,2,1,4,0.3,0.3,99,95,86,2
1171,2,6,1,4,0.3,0.3,99,95,86,2
1172,2,6,1,4,0.3,0.3,99,95,86,2
1173,2,6,1,4,0.3,0.3,99,95,86,2
1174,2,6,1,4,0.3,0.3,99,95,86,2
1175,2,6,1,4,0.3,0.3,99,95,86,2
1176,2,6,1,4,0.3,0.3,99,95,86,2
1177,2,7,1,4,0.3,0.3,99,95,86,2
1178,2,7,1,4,0.3,0.3,99,95,86,2
1179,2,7,1,4,0.3,0.3,99,95,86,2
1180,2,7,1,4,0.3,0.3,99,95,86,2
1181,2,1,1,3,0.3,0.3,99,95,86,2
1182,2,1,1,3,0.3,0.3,99,95,86,2
1183,2,1,1,3,0.3,0.3,99,95,86,2
1184,2,2,1,3,0.3,0.3,99,95,86,2
1185,2,2,1,3,0.3,0.3,99,95,86,2
1186,2,2,1,3,0.3,0.3,99,95,86,2
1187,2,2,1,3,0.3,0.3,99,95,86,2
1188,2,5,1,3,0.3,0.3,99,95,86,2
1189,2,5,1,3,0.3,0.3,99,95,86,2
1190,2,6,1,3,0.3,0.3,99,95,86,2
1191,2,6,1,3,0.3,0.3,99,95,86,2
1192,2,6,1,3,0.3,0.3,99,95,86,2
1193,2,6,1,3,0.3,0.3,99,95,86,2
1194,2,6,1,3,0.3,0.3,99,95,86,2
1195,2,6,1,3,0.3,0.3,99,95,86,2
1196,2,7,1,3,0.3,0.3,99,95,86,2
1197,2,7,1,3,0.3,0.3,99,95,86,2
1198,2,7,1,3,0.3,0.3,99,95,86,2
1199,2,7,1,3,0.3,0.3,99,95,86,2
1200,2,7,1,3,0.3,0.3,99,95,86,2
1201,2,7,1,2,0.5,0.5,99,95,86,2
1202,2,7,1,2,0.5,0.5,99,95,86,2
1203,38,1,4,4,0.8,1.6,99,95,86,2
1204,38,1,10,7,0.2,0.9,0,95,86,2
1205,38,2,51,10,1,3.1,79,43,26,2
1206,38,3,21,8,1,3.1,15,2,86,2
1207,23,1,98,19,0.7,1.6,73,72,63,2
1208,23,2,6,6,0.5,1.6,99,95,86,2
1209,23,3,2,6,0.2,0.6,99,95,86,2
1210,23,4,7,6,0.5,1.5,99,95,86,2
1211,23,4,1,3,0.2,0.5,99,95,86,2
1212,23,4,2,3,0.6,0.9,99,95,86,2
1213,23,4,3,4,0.4,0.9,99,95,86,2
1214,23,4,5,5,0.5,1.3,99,95,86,2
1215,23,4,1,3,0.6,0.7,99,95,86,2
1216,23,4,1,3,0.3,0.7,99,95,86,2
1217,23,4,4,5,0.3,1.6,99,95,86,2
1218,23,4,18,10,0.6,2.5,16,10,4,2
1219,23,4,14,8,0.5,2.1,7,1,86,2
1220,23,4,64,19,0.6,2.8,39,29,42,2
1221,23,5,5,8,0.3,0.6,1,1,86,2
1222,23,5,4,6,0.3,0.6,99,95,86,2
1223,23,5,4,6,0.2,0.6,99,95,86,2
1224,23,5,1,4,0.2,0.3,99,95,86,2
1225,23,5,1,3,0.4,0.5,99,95,86,2
1226,23,5,2,5,0.3,0.5,99,95,86,2
1227,23,5,8,9,0.2,0.7,9,6,0,2
1228,23,5,2,5,0.2,0.6,99,95,86,2
1229,23,6,1,3,0.3,0.6,99,95,86,2
1230,23,6,4,8,0.2,0.6,2,1,86,2
1231,23,6,1,4,0.3,0.6,99,95,86,2
1232,23,6,2,5,0.3,0.6,99,95,86,2
1233,23,6,2,4,0.2,0.6,99,95,86,2
1234,23,7,117,20,1,4.5,73,54,69,2
1235,23,5,1,2,0.5,0.5,99,95,86,2
1236,23,5,1,2,0.5,0.5,99,95,86,2
1237,23,5,1,2,0.5,0.5,99,95,86,2
1238,23,5,1,2,0.5,0.5,99,95,86,2
1239,23,5,1,2,0.5,0.5,99,95,86,2
1240,23,6,1,2,0.5,0.5,99,95,86,2
1241,23,6,1,2,0.5,0.5,99,95,86,2
1242,23,4,1,3,0.3,0.3,99,95,86,2
1243,23,4,1,3,0.3,0.3,99,95,86,2
1244,23,5,1,3,0.3,0.3,99,95,86,2
1245,23,5,1,3,0.3,0.3,99,95,86,2
1246,23,5,1,3,0.3,0.3,99,95,86,2
1247,23,5,1,3,0.3,0.3,99,95,86,2
1248,23,6,1,3,0.3,0.3,99,95,86,2
1249,23,6,1,3,0.3,0.3,99,95,86,2
1250,23,6,1,3,0.3,0.3,99,95,86,2
1251,23,6,1,3,0.3,0.3,99,95,86,2
1252,23,6,1,3,0.3,0.3,99,95,86,2
1253,23,6,1,3,0.3,0.3,99,95,86,2
1254,23,6,1,3,0.3,0.3,99,95,86,2
1255,23,6,1,3,0.3,0.3,99,95,86,2
1256,23,6,1,3,0.3,0.3,99,95,86,2
1257,23,6,1,5,0.2,0.2,99,95,86,2
1258,23,6,1,5,0.2,0.2,99,95,86,2
1259,23,6,1,4,0.3,0.3,99,95,86,2
1260,23,5,1,4,0.3,0.3,99,95,86,2
1261,23,5,1,4,0.3,0.3,99,95,86,2
1262,23,6,1,4,0.3,0.3,99,95,86,2
1263,23,6,1,6,0.2,0.2,99,95,86,2
1264,4,1,1,3,0.5,0.6,99,95,86,2
1265,4,1,1,3,0.5,0.6,99,95,86,2
1266,4,1,1,3,0.5,0.6,99,95,86,2
1267,4,1,1,2,0.6,0.5,99,95,86,2
1268,4,1,2,3,0.8,0.7,99,95,86,2
1269,4,1,1,3,0.5,0.6,99,95,86,2
1270,4,1,1,3,0.6,0.6,99,95,86,2
1271,4,1,2,3,0.5,0.7,99,95,86,2
1272,4,1,2,3,0.5,0.6,99,95,86,2
1273,4,1,1,3,0.6,0.5,99,95,86,2
1274,4,1,1,3,0.6,0.4,99,95,86,2
1275,4,1,1,3,0.3,0.6,99,95,86,2
1276,4,1,1,3,0.6,0.5,99,95,86,2
1277,4,1,1,3,0.6,0.5,99,95,86,2
1278,4,1,2,3,0.9,0.9,99,95,86,2
1279,4,1,1,3,0.6,0.6,99,95,86,2
1280,4,1,1,3,0.3,0.5,99,95,86,2
1281,4,1,1,3,0.4,0.5,99,95,86,2
1282,4,1,2,3,0.9,0.8,99,95,86,2
1283,4,1,1,3,0.6,0.5,99,95,86,2
1284,4,4,3,3,1.5,1.2,99,95,86,2
1285,4,1,1,2,1.1,0.3,99,95,86,2
1286,4,1,3,3,1.5,1.3,99,95,86,2
1287,4,4,4,3,1.9,1.4,99,95,86,2
1288,4,1,2,3,0.8,0.7,99,95,86,2
1289,4,1,3,3,1.3,1.5,99,95,86,2
1290,4,2,2,3,1.2,0.8,99,95,86,2
1291,4,5,3,4,0.7,1.1,99,95,86,2
1292,4,2,2,3,0.8,0.6,99,95,86,2
1293,4,1,1,2,1,0.3,99,95,86,2
1294,4,2,3,3,1.1,1,99,95,86,2
1295,4,5,3,3,1.5,1.4,99,95,86,2
1296,4,2,1,3,0.5,0.7,99,95,86,2
1297,4,4,2,3,0.6,0.7,99,95,86,2
1298,4,4,2,3,0.8,0.7,99,95,86,2
1299,4,2,2,3,0.6,0.7,99,95,86,2
1300,4,2,1,3,0.4,0.7,99,95,86,2
1301,4,2,2,3,0.7,0.7,99,95,86,2
1302,4,2,2,3,1.1,0.8,99,95,86,2
1303,4,2,4,3,1.6,1.4,99,95,86,2
1304,4,2,4,3,1.7,1.5,99,95,86,2
1305,4,1,4,4,1,1.5,99,95,86,2
1306,4,5,6,5,1.2,1.1,99,95,86,2
1307,4,2,3,3,1.2,1,99,95,86,2
1308,4,2,1,3,0.2,0.5,99,95,86,2
1309,4,2,2,3,0.5,0.6,99,95,86,2
1310,4,2,2,2,1.2,0.6,99,95,86,2
1311,4,2,2,3,1.3,1,99,95,86,2
1312,4,2,3,3,1.5,1.5,99,95,86,2
1313,4,2,1,2,1,0.5,99,95,86,2
1314,4,3,2,3,0.8,0.6,99,95,86,2
1315,4,3,1,3,0.7,0.5,99,95,86,2
1316,4,1,4,4,1.3,1.5,99,95,86,2
1317,4,3,2,3,1.1,0.6,99,95,86,2
1318,4,3,2,3,0.6,0.6,99,95,86,2
1319,4,3,3,3,1.6,1,99,95,86,2
1320,4,3,2,3,1.1,0.7,99,95,86,2
1321,4,4,2,3,1,0.6,99,95,86,2
1322,4,4,2,3,0.6,0.7,99,95,86,2
1323,4,3,3,4,0.8,1,99,95,86,2
1324,4,2,1,2,0.5,0.5,99,95,86,2
1325,4,2,1,2,0.5,0.5,99,95,86,2
1326,4,2,1,2,0.5,0.5,99,95,86,2
1327,4,2,1,2,0.5,0.5,99,95,86,2
1328,4,2,1,2,0.5,0.5,99,95,86,2
1329,4,2,1,2,0.5,0.5,99,95,86,2
1330,4,3,1,2,0.5,0.5,99,95,86,2
1331,4,3,1,2,0.5,0.5,99,95,86,2
1332,4,4,1,2,0.5,0.5,99,95,86,2
1333,4,4,1,2,0.5,0.5,99,95,86,2
1334,4,5,1,2,0.5,0.5,99,95,86,2
1335,4,5,1,2,0.5,0.5,99,95,86,2
1336,4,5,1,2,0.5,0.5,99,95,86,2
1337,4,6,1,2,0.5,0.5,99,95,86,2
1338,4,6,1,2,0.5,0.5,99,95,86,2
1339,4,6,1,2,0.5,0.5,99,95,86,2
1340,4,6,1,2,0.5,0.5,99,95,86,2
1341,4,1,1,3,0.3,0.3,99,95,86,2
1342,4,1,1,3,0.3,0.3,99,95,86,2
1343,4,2,1,3,0.3,0.3,99,95,86,2
1344,4,2,1,3,0.3,0.3,99,95,86,2
1345,4,4,1,3,0.3,0.3,99,95,86,2
1346,4,4,1,3,0.3,0.3,99,95,86,2
1347,4,4,1,3,0.3,0.3,99,95,86,2
1348,4,1,1,3,0.3,0.3,99,95,86,2
1349,4,2,1,3,0.3,0.3,99,95,86,2
1350,4,5,1,3,0.3,0.3,99,95,86,2
1351,4,6,1,3,0.3,0.3,99,95,86,2
1352,4,6,1,3,0.3,0.3,99,95,86,2
1353,4,6,1,3,0.3,0.3,99,95,86,2
1354,4,6,1,3,0.3,0.3,99,95,86,2
1355,4,6,1,3,0.3,0.3,99,95,86,2
1356,4,6,1,3,0.3,0.3,99,95,86,2
1357,4,6,1,3,0.3,0.3,99,95,86,2
1358,4,6,1,3,0.3,0.3,99,95,86,2
1359,4,6,1,3,0.3,0.3,99,95,86,2
1360,4,6,1,3,0.3,0.3,99,95,86,2
1361,4,6,1,3,0.3,0.3,99,95,86,2
1362,4,6,1,3,0.3,0.3,99,95,86,2
1363,4,6,1,3,0.3,0.3,99,95,86,2
1364,4,6,1,3,0.3,0.3,99,95,86,2
1365,4,5,1,4,0.3,0.3,99,95,86,2
1366,4,6,1,3,0.3,0.3,99,95,86,2
1367,4,6,1,3,0.3,0.3,99,95,86,2
1368,4,6,1,4,0.3,0.3,99,95,86,2
1369,4,6,1,4,0.3,0.3,99,95,86,2
1370,12,1,86,20,0.3,1,58,62,74,3
1371,12,2,33,9,0.4,2.1,47,28,1,3
1372,12,2,1,3,0.3,0.5,99,95,86,3
1373,12,2,2,4,0.3,1,99,95,86,3
1374,12,2,1,3,0.3,0.3,99,95,86,3
1375,12,2,41,11,0.3,1.8,48,45,40,3
1376,12,2,43,12,0.5,1.8,59,43,35,3
1377,12,2,21,8,0.4,2.2,15,6,86,3
1378,12,2,35,10,0.4,1.5,50,41,30,3
1379,12,3,71,15,0.3,1.1,81,55,48,3
1380,12,3,17,8,0.3,1,14,1,86,3
1381,12,3,101,20,0.5,1.6,93,77,59,3
1382,12,3,110,21,0.5,1.2,90,89,70,3
1383,12,4,41,13,0.3,1,52,43,57,3
1384,12,4,34,11,0.4,0.8,60,49,52,3
1385,12,4,1,4,0.2,0.5,99,95,86,3
1386,12,4,1,4,0.2,0.5,99,95,86,3
1387,12,4,1,4,0.3,0.3,99,95,86,3
1388,12,4,77,20,0.3,1,61,56,55,3
1389,12,4,69,18,0.5,0.8,49,49,63,3
1390,12,5,4,6,0.3,1.1,99,95,86,3
1391,12,5,2,4,0.4,0.7,99,95,86,3
1392,12,5,3,5,0.3,0.7,99,95,86,3
1393,12,5,1,3,0.3,0.3,99,95,86,3
1394,12,5,6,7,0.2,0.8,0,95,86,3
1395,12,5,13,9,0.3,0.8,31,13,3,3
1396,12,5,2,4,0.3,0.7,99,95,86,3
1397,12,5,6,7,0.4,0.8,1,95,86,3
1398,12,6,13,7,0.3,1,9,95,86,3
1399,12,6,9,6,0.2,0.9,99,95,86,3
1400,12,6,40,13,0.6,1.2,58,41,40,3
1401,12,7,28,10,0.6,1.6,10,10,8,3
1402,12,7,3,5,0.2,0.8,99,95,86,3
1403,12,7,1,2,0.5,0.5,99,95,86,3
1404,12,7,3,5,0.2,0.5,99,95,86,3
1405,32,1,5,5,0.2,1.1,99,95,86,3
1406,32,1,1,3,0.3,0.3,99,95,86,3
1407,32,1,1,2,0.5,0.5,99,95,86,3
1408,32,1,1,3,0.3,0.8,99,95,86,3
1409,32,1,2,4,0.3,1.2,99,95,86,3
1410,32,1,119,22,1.2,2.6,78,65,59,3
1411,32,2,153,25,1.2,2.6,77,74,64,3
1412,32,3,34,8,0.6,2.5,14,1,86,3
1413,32,3,37,9,0.4,1.5,43,24,0,3
1414,32,3,109,21,0.5,1.9,94,71,51,3
1415,32,4,1,2,0.5,0.5,99,95,86,3
1416,32,4,1,3,0.3,0.3,99,95,86,3
1417,32,4,1,2,0.5,0.5,99,95,86,3
1418,32,4,1,2,0.5,0.5,99,95,86,3
1419,32,4,1,2,0.5,0.5,99,95,86,3
1420,32,4,1,3,0.3,0.3,99,95,86,3
1421,32,4,1,3,0.3,0.3,99,95,86,3
1422,32,4,12,7,0.3,1.2,3,95,86,3
1423,32,4,28,8,0.3,1.4,42,8,86,3
1424,32,4,114,24,1,1.5,20,86,74,3
1425,32,5,13,8,0.3,1.5,11,3,86,3
1426,32,5,10,7,0.3,1.3,6,95,86,3
1427,32,5,1,3,0.3,0.3,99,95,86,3
1428,32,5,1,4,0.3,0.3,99,95,86,3
1429,32,5,1,3,0.3,0.3,99,95,86,3
1430,32,5,1,3,0.3,0.3,99,95,86,3
1431,32,5,1,3,0.3,0.3,99,95,86,3
1432,32,5,1,3,0.3,0.3,99,95,86,3
1433,32,5,73,20,0.6,1.3,57,49,60,3
1434,32,6,2,4,0.3,0.6,99,95,86,3
1435,32,6,1,3,0.3,0.3,99,95,86,3
1436,32,6,1,3,0.3,0.3,99,95,86,3
1437,32,6,1,3,0.3,0.3,99,95,86,3
1438,32,6,11,7,1,0.9,6,95,86,3
1439,32,6,1,3,0.3,0.3,99,95,86,3
1440,32,6,1,4,0.3,0.3,99,95,86,3
1441,32,6,1,3,0.3,0.3,99,95,86,3
1442,32,6,1,2,0.5,0.5,99,95,86,3
1443,32,6,1,3,0.3,0.3,99,95,86,3
1444,32,6,1,3,0.3,0.3,99,95,86,3
1445,32,6,1,3,0.3,0.3,99,95,86,3
1446,32,6,1,3,0.2,0.5,99,95,86,3
1447,32,6,112,19,0.7,1.7,94,87,85,3
1448,32,7,2,3,0.4,1,99,95,86,3
1449,32,7,1,3,0.3,0.3,99,95,86,3
1450,32,7,1,3,0.3,0.3,99,95,86,3
1451,32,7,1,1,1,4.607058563,99,95,86,3
1452,32,7,2,4,0.2,0.6,99,95,86,3
1453,32,7,1,3,0.3,0.3,99,95,86,3
1454,32,7,1,4,0.3,0.3,99,95,86,3
1455,32,7,1,4,0.3,0.3,99,95,86,3
1456,32,7,1,2,0.5,0.5,99,95,86,3
1457,32,7,2,4,0.2,0.5,99,95,86,3
1458,32,7,1,3,0.3,0.3,99,95,86,3
1459,32,7,1,4,0.3,0.4,99,95,86,3
1460,32,7,1,3,0.3,0.3,99,95,86,3
1461,32,7,1,3,0.3,0.3,99,95,86,3
1462,32,7,1,3,0.3,0.3,99,95,86,3
1463,32,7,1,3,0.3,0.5,99,95,86,3
1464,32,7,17,11,0.3,1,16,25,35,3
1465,32,7,1,3,0.3,0.3,99,95,86,3
1466,32,7,1,1,1,9.110676801,99,95,86,3
1467,32,7,1,3,0.3,0.3,99,95,86,3
1468,32,7,1,3,0.3,0.3,99,95,86,3
1469,32,7,1,3,0.3,0.3,99,95,86,3
1470,32,7,1,3,0.3,0.3,99,95,86,3
1471,32,7,1,3,0.3,0.3,99,95,86,3
1472,32,7,1,3,0.3,0.3,99,95,86,3
1473,32,7,4,6,0.5,0.8,99,95,86,3
1474,32,7,1,3,0.3,0.3,99,95,86,3
1475,32,7,1,3,0.3,0.3,99,95,86,3
1476,32,7,1,3,0.3,0.3,99,95,86,3
1477,32,7,1,3,0.3,0.5,99,95,86,3
1478,32,7,1,3,0.3,0.3,99,95,86,3
1479,32,7,1,3,0.3,0.3,99,95,86,3
1480,32,7,1,2,0.5,0.5,99,95,86,3
1481,32,7,5,9,0.2,0.7,0,2,0,3
1482,32,7,40,16,0.3,1.2,13,31,44,3
1483,45,1,47,11,2,7.2,39,12,10,3
1484,45,2,1,3,0.3,0.3,99,95,86,3
1485,45,2,47,12,1.5,4.2,47,46,40,3
1486,45,2,98,21,1.2,4.5,68,55,59,3
1487,45,3,73,17,2.6,7.6,55,49,38,3
1488,45,4,103,22,1.2,4,73,58,60,3
1489,45,5,99,18,2.8,8.3,72,76,65,3
1490,45,6,34,7,2.3,5.8,0,95,86,3
1491,45,7,28,6,1.5,5.4,99,95,86,3
1492,45,7,2,2,0.6,1,99,95,86,3
1493,45,7,5,3,1.1,3.2,99,95,86,3
1494,45,7,1,2,0.5,0.5,99,95,86,3
1495,45,7,8,4,0.7,3.1,99,95,86,3
1496,45,7,6,3,2.5,2.8,99,95,86,3
1497,45,7,6,3,2.5,3,99,95,86,3
1498,45,7,176,29,5,13.5,86,80,76,3
1499,18,1,22,7,1.3,3.5,0,95,86,3
1500,18,2,26,7,0.5,2.7,6,95,86,3
1501,18,2,1,3,0.3,0.3,99,95,86,3
1502,18,2,1,2,0.5,0.5,99,95,86,3
1503,18,2,69,11,1.6,5.5,81,75,59,3
1504,18,2,40,8,1.5,5.1,33,2,86,3
1505,18,2,81,15,1.2,4.2,87,83,65,3
1506,18,3,1,2,0.5,0.5,99,95,86,3
1507,18,3,1,3,0.3,0.3,99,95,86,3
1508,18,3,90,16,1.6,3.5,94,79,72,3
1509,18,4,81,14,0.6,2.2,79,71,69,3
1510,18,4,33,9,0.3,2.2,30,11,0,3
1511,18,5,2,3,0.3,1,99,95,86,3
1512,18,5,1,3,0.2,0.6,99,95,86,3
1513,18,5,1,2,0.5,0.5,99,95,86,3
1514,18,5,2,4,0.6,0.8,99,95,86,3
1515,18,5,1,3,0.3,0.3,99,95,86,3
1516,18,5,3,4,0.6,1,99,95,86,3
1517,18,5,2,4,0.5,0.8,99,95,86,3
1518,18,5,1,3,0.3,0.3,99,95,86,3
1519,18,5,1,3,0.3,0.3,99,95,86,3
1520,18,5,42,13,0.7,1.5,43,48,57,3
1521,18,5,1,3,0.3,0.3,99,95,86,3
1522,18,5,1,3,0.3,0.3,99,95,86,3
1523,18,5,1,3,0.3,0.3,99,95,86,3
1524,18,5,1,2,0.5,0.5,99,95,86,3
1525,18,5,1,3,0.3,0.3,99,95,86,3
1526,18,5,1,5,0.2,0.2,99,95,86,3
1527,18,5,1,2,0.5,0.5,99,95,86,3
1528,18,5,1,3,0.3,0.3,99,95,86,3
1529,18,5,1,3,0.3,0.3,99,95,86,3
1530,18,5,1,3,0.3,0.3,99,95,86,3
1531,18,5,1,2,0.5,0.5,99,95,86,3
1532,18,5,1,3,0.3,0.3,99,95,86,3
1533,18,5,1,2,0.5,0.5,99,95,86,3
1534,18,5,7,7,1,1.5,0,95,86,3
1535,18,6,1,2,0.5,0.5,99,95,86,3
1536,18,6,3,4,0.3,1.3,99,95,86,3
1537,18,6,1,2,0.5,0.5,99,95,86,3
1538,18,6,4,5,0.5,1.1,99,95,86,3
1539,18,6,11,7,0.6,2.1,0,95,86,3
1540,18,6,1,2,0.5,0.5,99,95,86,3
1541,18,6,1,2,0.5,0.5,99,95,86,3
1542,18,6,1,2,0.5,0.5,99,95,86,3
1543,18,6,1,2,0.5,0.5,99,95,86,3
1544,18,6,1,1,1,1.810778195,99,95,86,3
1545,18,6,3,4,0.6,1,99,95,86,3
1546,18,6,4,5,0.5,1.3,99,95,86,3
1547,18,6,2,4,0.4,0.7,99,95,86,3
1548,18,6,1,3,0.3,0.6,99,95,86,3
1549,18,6,3,5,0.3,1,99,95,86,3
1550,18,6,19,11,0.5,1.5,32,29,16,3
1551,18,7,127,19,2.2,7.3,84,80,71,3
1552,17,1,1,3,0.2,0.6,99,95,86,3
1553,17,1,86,23,0.5,1.3,77,65,57,3
1554,17,2,1,3,0.3,0.3,99,95,86,3
1555,17,2,1,3,0.3,0.3,99,95,86,3
1556,17,2,1,4,0.3,0.3,99,95,86,3
1557,17,2,1,4,0.3,0.3,99,95,86,3
1558,17,2,1,2,0.5,0.5,99,95,86,3
1559,17,2,1,2,0.5,0.5,99,95,86,3
1560,17,2,1,2,0.5,0.5,99,95,86,3
1561,17,2,1,2,0.5,0.5,99,95,86,3
1562,17,2,1,2,0.5,0.5,99,95,86,3
1563,17,2,1,3,0.3,0.3,99,95,86,3
1564,17,2,1,3,0.5,0.6,99,95,86,3
1565,17,2,1,4,0.3,0.3,99,95,86,3
1566,17,2,1,3,0.2,0.5,99,95,86,3
1567,17,2,1,4,0.2,0.4,99,95,86,3
1568,17,2,1,2,0.5,0.5,99,95,86,3
1569,17,2,1,2,0.5,0.5,99,95,86,3
1570,17,2,1,4,0.2,0.5,99,95,86,3
1571,17,2,1,3,0.6,0.5,99,95,86,3
1572,17,2,2,8,0.2,0.5,0,1,86,3
1573,17,2,1,3,0.3,0.3,99,95,86,3
1574,17,2,1,2,0.5,0.5,99,95,86,3
1575,17,2,1,5,0.3,0.5,99,95,86,3
1576,17,2,4,8,0.2,0.5,0,1,86,3
1577,17,3,1,2,0.5,0.5,99,95,86,3
1578,17,3,1,3,0.3,0.3,99,95,86,3
1579,17,3,1,2,0.5,0.5,99,95,86,3
1580,17,3,1,2,0.5,0.5,99,95,86,3
1581,17,3,1,2,0.5,0.5,99,95,86,3
1582,17,3,1,2,0.5,0.5,99,95,86,3
1583,17,3,1,4,0.3,0.3,99,95,86,3
1584,17,3,1,2,0.5,0.5,99,95,86,3
1585,17,3,1,2,0.5,0.5,99,95,86,3
1586,17,3,2,5,0.2,0.5,99,95,86,3
1587,17,3,1,3,0.3,0.3,99,95,86,3
1588,17,3,1,3,0.3,0.3,99,95,86,3
1589,17,3,1,3,0.3,0.3,99,95,86,3
1590,17,3,1,2,0.5,0.5,99,95,86,3
1591,17,3,1,3,0.2,0.5,99,95,86,3
1592,17,3,1,2,0.5,0.5,99,95,86,3
1593,17,3,1,2,0.5,0.5,99,95,86,3
1594,17,3,1,5,0.2,0.5,99,95,86,3
1595,17,3,1,3,0.3,0.3,99,95,86,3
1596,17,3,1,2,0.5,0.5,99,95,86,3
1597,17,3,1,3,0.3,0.3,99,95,86,3
1598,17,3,1,3,0.3,0.3,99,95,86,3
1599,17,3,1,4,0.2,0.5,99,95,86,3
1600,17,3,1,4,0.2,0.5,99,95,86,3
1601,17,3,1,4,0.3,0.3,99,95,86,3
1602,17,3,1,3,0.2,0.5,99,95,86,3
1603,17,4,89,23,0.6,1.4,17,43,53,3
1604,17,5,1,3,0.3,0.3,99,95,86,3
1605,17,5,50,16,0.7,1.5,56,26,13,3
1606,17,5,1,3,0.2,0.5,99,95,86,3
1607,17,5,1,3,0.3,0.3,99,95,86,3
1608,17,5,1,2,0.5,0.5,99,95,86,3
1609,17,5,1,4,0.5,0.6,99,95,86,3
1610,17,5,1,3,0.3,0.3,99,95,86,3
1611,17,5,1,3,0.3,0.3,99,95,86,3
1612,17,5,1,4,0.2,0.4,99,95,86,3
1613,17,5,13,15,0.3,0.7,1,5,8,3
1614,17,6,68,19,0.5,2,39,24,12,3
1615,17,7,75,20,0.3,1.2,68,59,53,3
1616,3,1,43,10,0.3,1,71,39,15,3
1617,3,1,18,6,0.3,1,99,95,86,3
1618,3,1,44,9,0.3,1.7,46,35,4,3
1619,3,1,57,11,0.5,1.3,72,57,56,3
1620,3,2,1,2,0.5,0.5,99,95,86,3
1621,3,2,1,2,0.5,0.7,99,95,86,3
1622,3,2,16,5,0.2,1.5,99,95,86,3
1623,3,2,7,5,0.2,0.7,99,95,86,3
1624,3,2,1,2,0.5,0.5,99,95,86,3
1625,3,2,1,2,0.5,0.5,99,95,86,3
1626,3,2,1,3,0.3,0.3,99,95,86,3
1627,3,2,1,2,0.5,0.5,99,95,86,3
1628,3,2,2,3,0.3,0.7,99,95,86,3
1629,3,2,2,4,0.2,0.6,99,95,86,3
1630,3,2,1,2,0.5,0.5,99,95,86,3
1631,3,2,1,2,0.5,0.5,99,95,86,3
1632,3,2,32,8,0.5,0.9,43,9,86,3
1633,3,3,5,6,0.5,1,99,95,86,3
1634,3,3,1,3,0.3,0.3,99,95,86,3
1635,3,3,1,4,0.2,0.5,99,95,86,3
1636,3,4,2,4,0.3,0.6,99,95,86,3
1637,3,4,2,4,0.3,0.7,99,95,86,3
1638,3,4,2,4,0.5,0.6,99,95,86,3
1639,3,4,2,4,0.3,0.7,99,95,86,3
1640,3,4,1,3,0.3,0.3,99,95,86,3
1641,3,4,9,7,0.4,1,0,95,86,3
1642,3,4,1,3,0.4,0.5,99,95,86,3
1643,3,4,18,9,0.3,1.1,35,15,9,3
1644,3,4,4,6,0.2,0.6,99,95,86,3
1645,3,5,10,6,0.6,1,99,95,86,3
1646,3,5,9,7,0.3,0.5,0,95,86,3
1647,3,5,19,8,0.3,1,28,2,86,3
1648,3,5,7,8,0.2,0.2,15,5,86,3
1649,3,6,2,4,0.2,0.3,99,95,86,3
1650,3,6,6,5,0.5,1.1,99,95,86,3
1651,3,6,2,3,0.4,1,99,95,86,3
1652,3,6,16,7,0.8,1.8,0,95,86,3
1653,3,6,9,6,0.3,1.2,99,95,86,3
1654,3,6,6,5,0.3,0.9,99,95,86,3
1655,3,7,11,6,0.7,1.9,99,95,86,3
1656,3,7,73,11,1,2.5,98,74,49,3
1657,3,8,72,16,0.5,1.4,60,55,44,3
1658,3,8,34,9,0.7,1.8,56,29,1,3
1659,3,8,61,10,0.6,1.6,91,73,40,3
1660,53,1,37,10,0.5,2.6,50,43,39,3
1661,53,2,1,3,0.3,0.3,99,95,86,3
1662,53,2,1,3,0.3,0.3,99,95,86,3
1663,53,2,1,2,0.5,0.5,99,95,86,3
1664,53,2,1,2,0.5,0.5,99,95,86,3
1665,53,2,1,2,0.5,0.5,99,95,86,3
1666,53,2,1,3,0.3,0.3,99,95,86,3
1667,53,2,4,5,0.3,1,99,95,86,3
1668,53,3,1,2,0.5,0.5,99,95,86,3
1669,53,3,1,3,0.3,0.3,99,95,86,3
1670,53,3,1,3,0.5,0.5,99,95,86,3
1671,53,3,1,3,0.3,0.5,99,95,86,3
1672,53,3,8,6,0.3,1,99,95,86,3
1673,53,4,30,8,0.5,2.5,15,2,86,3
1674,53,4,2,3,0.5,1.2,99,95,86,3
1675,53,4,12,5,1.2,3.1,99,95,86,3
1676,53,4,4,3,0.9,2.6,99,95,86,3
1677,53,4,51,12,1.6,4.5,47,34,10,3
1678,53,5,4,3,0.6,1.5,99,95,86,3
1679,53,5,16,6,0.3,1.5,99,95,86,3
1680,53,5,129,21,1,2.8,90,78,74,3
1681,1,1,1,3,0.3,0.3,99,95,86,3
1682,1,1,1,2,0.5,0.5,99,95,86,3
1683,1,1,1,2,0.5,0.5,99,95,86,3
1684,1,1,1,3,0.3,0.3,99,95,86,3
1685,1,1,1,2,0.5,0.5,99,95,86,3
1686,1,1,1,2,0.5,0.5,99,95,86,3
1687,1,1,1,2,0.5,0.5,99,95,86,3
1688,1,1,1,2,0.5,0.5,99,95,86,3
1689,1,1,1,1,1,3.315253255,99,95,86,3
1690,1,1,1,2,0.5,0.5,99,95,86,3
1691,1,1,1,2,0.5,0.5,99,95,86,3
1692,1,1,1,2,0.5,0.5,99,95,86,3
1693,1,1,1,2,0.5,0.5,99,95,86,3
1694,1,1,1,2,0.5,0.5,99,95,86,3
1695,1,1,1,3,0.3,0.3,99,95,86,3
1696,1,1,1,2,0.5,0.5,99,95,86,3
1697,1,1,1,2,0.5,0.5,99,95,86,3
1698,1,1,1,2,0.5,0.5,99,95,86,3
1699,1,1,1,2,0.5,0.5,99,95,86,3
1700,1,1,1,2,0.5,0.5,99,95,86,3
1701,1,1,1,2,0.5,0.5,99,95,86,3
1702,1,1,1,3,0.3,0.3,99,95,86,3
1703,1,2,1,3,0.3,0.3,99,95,86,3
1704,1,2,1,1,1,9.549781146,99,95,86,3
1705,1,2,1,3,0.3,0.5,99,95,86,3
1706,1,2,1,2,0.5,0.5,99,95,86,3
1707,1,2,1,2,0.5,0.5,99,95,86,3
1708,1,2,1,2,0.5,0.5,99,95,86,3
1709,1,2,1,2,0.5,0.5,99,95,86,3
1710,1,2,1,2,0.5,0.5,99,95,86,3
1711,1,2,1,2,0.5,0.5,99,95,86,3
1712,1,2,1,3,0.3,0.3,99,95,86,3
1713,1,2,1,3,0.3,0.3,99,95,86,3
1714,1,2,1,2,0.5,0.5,99,95,86,3
1715,1,2,1,2,0.5,0.5,99,95,86,3
1716,1,2,1,3,0.3,0.3,99,95,86,3
1717,1,2,1,2,0.5,0.5,99,95,86,3
1718,1,2,1,2,0.5,0.5,99,95,86,3
1719,1,2,1,3,0.3,0.3,99,95,86,3
1720,1,2,1,3,0.3,0.3,99,95,86,3
1721,1,2,1,2,0.5,0.5,99,95,86,3
1722,1,2,1,3,0.3,0.3,99,95,86,3
1723,1,2,1,1,1,7.088138422,99,95,86,3
1724,1,2,1,1,1,2.056199108,99,95,86,3
1725,1,3,2,5,0.2,0.5,99,95,86,3
1726,1,3,1,3,0.3,0.3,99,95,86,3
1727,1,3,4,6,0.2,0.6,99,95,86,3
1728,1,3,1,2,0.5,0.5,99,95,86,3
1729,1,3,1,3,0.3,0.3,99,95,86,3
1730,1,3,1,5,0.2,0.3,99,95,86,3
1731,1,3,1,2,0.5,0.5,99,95,86,3
1732,1,3,1,3,0.3,0.3,99,95,86,3
1733,1,3,1,2,0.5,0.5,99,95,86,3
1734,1,3,1,3,0.3,0.3,99,95,86,3
1735,1,3,1,4,0.3,0.3,99,95,86,3
1736,1,3,1,3,0.3,0.3,99,95,86,3
1737,1,3,2,6,0.3,0.4,99,95,86,3
1738,1,3,1,3,0.3,0.3,99,95,86,3
1739,1,3,1,5,0.3,0.3,99,95,86,3
1740,1,3,1,2,0.5,0.5,99,95,86,3
1741,1,3,6,8,0.2,0.5,6,1,86,3
1742,1,4,2,4,0.3,0.7,99,95,86,3
1743,1,4,1,3,0.3,0.5,99,95,86,3
1744,1,5,1,3,0.3,0.3,99,95,86,3
1745,1,5,1,2,0.5,0.5,99,95,86,3
1746,1,5,1,3,0.3,0.3,99,95,86,3
1747,1,5,1,3,0.3,0.5,99,95,86,3
1748,1,5,1,3,0.3,0.6,99,95,86,3
1749,1,5,1,3,0.2,0.5,99,95,86,3
1750,1,5,1,2,0.5,0.5,99,95,86,3
1751,1,5,1,4,0.2,0.5,99,95,86,3
1752,1,6,1,3,0.3,0.3,99,95,86,3
1753,1,6,1,3,0.3,0.3,99,95,86,3
1754,1,6,1,3,0.3,0.3,99,95,86,3
1755,1,6,1,2,0.5,0.5,99,95,86,3
1756,1,6,1,3,0.3,0.3,99,95,86,3
1757,1,6,1,2,0.5,0.5,99,95,86,3
1758,1,6,1,3,0.3,0.3,99,95,86,3
1759,1,6,1,2,0.5,0.5,99,95,86,3
1760,1,6,1,3,0.3,0.3,99,95,86,3
1761,1,6,1,2,0.5,0.5,99,95,86,3
1762,1,6,1,2,0.5,0.5,99,95,86,3
1763,1,6,1,3,0.3,0.3,99,95,86,3
1764,1,6,1,3,0.3,0.3,99,95,86,3
1765,1,6,1,3,0.3,0.3,99,95,86,3
1766,1,6,1,3,0.3,0.3,99,95,86,3
1767,1,7,1,4,0.3,0.6,99,95,86,3
1768,1,7,1,3,0.3,0.3,99,95,86,3
1769,1,7,1,2,0.5,0.5,99,95,86,3
1770,1,7,1,3,0.3,0.3,99,95,86,3
1771,1,7,1,3,0.3,0.3,99,95,86,3
1772,1,7,1,4,0.3,0.7,99,95,86,3
1773,1,7,1,3,0.3,0.3,99,95,86,3
1774,1,7,1,3,0.3,0.3,99,95,86,3
1775,1,7,1,5,0.2,0.4,99,95,86,3
1776,1,7,1,3,0.3,0.3,99,95,86,3
1777,1,7,1,3,0.3,0.3,99,95,86,3
1778,1,7,1,4,0.2,0.3,99,95,86,3
1779,1,7,1,3,0.3,0.3,99,95,86,3
1780,1,7,1,2,0.5,0.5,99,95,86,3
1781,1,7,1,3,0.2,0.3,99,95,86,3
1782,1,7,1,3,0.3,0.3,99,95,86,3
1783,1,8,2,5,0.3,0.7,99,95,86,3
1784,1,8,1,3,0.3,0.3,99,95,86,3
1785,1,8,1,2,0.5,0.5,99,95,86,3
1786,1,8,1,2,0.5,0.5,99,95,86,3
1787,1,8,1,3,0.3,0.3,99,95,86,3
1788,1,8,1,2,0.5,0.5,99,95,86,3
1789,1,8,1,3,0.3,0.3,99,95,86,3
1790,1,8,1,3,0.3,0.3,99,95,86,3
1791,1,8,1,3,0.3,0.3,99,95,86,3
1792,1,8,1,4,0.3,0.4,99,95,86,3
1793,1,8,1,2,0.5,0.5,99,95,86,3
1794,1,8,1,4,0.2,0.4,99,95,86,3
1795,1,8,1,3,0.3,0.5,99,95,86,3
1796,1,8,1,2,0.5,0.5,99,95,86,3
1797,1,8,2,6,0.2,0.3,99,95,86,3
1798,1,8,1,2,0.5,0.5,99,95,86,3
1799,1,8,1,3,0.3,0.3,99,95,86,3
1800,1,8,1,2,0.5,0.5,99,95,86,3
1801,1,8,1,3,0.3,0.3,99,95,86,3
1802,1,8,1,2,0.5,0.5,99,95,86,3
1803,1,8,1,2,0.5,0.5,99,95,86,3
1804,1,8,1,3,0.3,0.3,99,95,86,3
1805,1,8,4,8,0.2,0.5,7,1,86,3
1806,48,1,1,3,0.3,0.3,99,95,86,3
1807,48,1,1,2,0.5,0.5,99,95,86,3
1808,48,1,1,3,0.3,0.3,99,95,86,3
1809,48,1,1,4,0.2,0.5,99,95,86,3
1810,48,1,4,7,0.2,0.6,0,95,86,3
1811,48,1,1,4,0.2,0.6,99,95,86,3
1812,48,1,1,2,0.5,0.5,99,95,86,3
1813,48,1,1,2,0.5,0.5,99,95,86,3
1814,48,1,1,2,0.5,0.5,99,95,86,3
1815,48,1,11,9,0.2,0.7,36,26,1,3
1816,48,2,1,4,0.2,0.5,99,95,86,3
1817,48,2,1,1,1,0.494105089,99,95,86,3
1818,48,2,1,2,0.5,0.5,99,95,86,3
1819,48,2,3,5,0.2,0.8,99,95,86,3
1820,48,2,1,4,0.4,0.5,99,95,86,3
1821,48,2,1,3,0.3,0.3,99,95,86,3
1822,48,2,6,6,0.2,0.8,99,95,86,3
1823,48,3,4,6,0.2,0.7,99,95,86,3
1824,48,3,66,16,0.2,0.8,94,82,68,3
1825,48,4,1,3,0.3,0.3,99,95,86,3
1826,48,4,1,2,0.5,0.5,99,95,86,3
1827,48,4,1,2,0.5,0.5,99,95,86,3
1828,48,4,1,3,0.3,0.3,99,95,86,3
1829,48,4,1,2,0.5,0.5,99,95,86,3
1830,48,4,1,3,0.3,0.3,99,95,86,3
1831,48,4,1,3,0.3,0.3,99,95,86,3
1832,48,4,1,4,0.3,0.3,99,95,86,3
1833,48,4,1,2,0.5,0.5,99,95,86,3
1834,48,4,3,6,0.2,0.6,99,95,86,3
1835,48,4,1,3,0.3,0.3,99,95,86,3
1836,48,4,2,6,0.2,0.5,99,95,86,3
1837,48,4,9,8,0.2,0.7,12,1,86,3
1838,48,4,3,6,0.2,0.6,99,95,86,3
1839,48,5,22,9,0.2,0.8,37,7,0,3
1840,48,6,1,2,0.5,0.5,99,95,86,3
1841,48,5,25,8,0.2,0.8,45,8,86,3
1842,48,6,1,4,0.3,0.3,99,95,86,3
1843,48,6,15,8,0.2,0.6,32,7,86,3
1844,42,1,48,13,1.3,2.6,40,29,29,3
1845,42,2,1,3,0.3,0.3,99,95,86,3
1846,42,2,29,10,0.3,0.8,33,15,10,3
1847,42,2,23,7,0.5,0.9,27,95,86,3
1848,42,2,104,20,0.8,1.3,87,56,42,3
1849,42,3,1,3,0.3,0.3,99,95,86,3
1850,42,3,1,2,0.5,0.5,99,95,86,3
1851,42,3,1,3,0.3,0.3,99,95,86,3
1852,42,3,16,6,0.3,1.1,99,95,86,3
1853,42,3,15,6,0.3,0.9,99,95,86,3
1854,42,3,2,3,0.3,0.8,99,95,86,3
1855,42,3,69,16,0.6,1.4,58,46,54,3
1856,42,4,8,4,0.3,2,99,95,86,3
1857,42,4,7,4,0.3,2.2,99,95,86,3
1858,42,4,36,7,0.6,3.3,0,95,86,3
1859,42,5,94,16,0.5,2.5,63,66,76,3
1860,42,6,91,18,1,2.1,57,47,61,3
1861,42,7,1,4,0.2,0.6,99,95,86,3
1862,42,7,1,3,0.2,0.4,99,95,86,3
1863,42,7,20,7,0.5,1.3,13,95,86,3
1864,42,7,1,3,0.3,0.3,99,95,86,3
1865,42,7,1,3,0.3,0.3,99,95,86,3
1866,42,7,1,3,0.3,0.3,99,95,86,3
1867,42,7,1,2,0.5,0.5,99,95,86,3
1868,42,7,26,9,0.6,2.1,40,24,1,3
1869,42,10,30,11,0.5,0.9,60,41,14,3
1870,42,10,1,3,0.3,0.3,99,95,86,3
1871,42,10,1,3,0.3,0.3,99,95,86,3
1872,42,10,1,2,0.5,0.5,99,95,86,3
1873,42,10,1,3,0.2,0.7,99,95,86,3
1874,42,10,1,3,0.3,0.3,99,95,86,3
1875,42,10,24,11,0.3,1,55,35,8,3
1876,42,10,27,9,0.6,1.5,40,25,0,3
1877,42,10,1,3,0.3,0.3,99,95,86,3
1878,42,10,1,2,0.5,0.5,99,95,86,3
1879,42,10,13,10,0.3,0.7,15,25,9,3
1880,42,10,2,4,0.3,0.6,99,95,86,3
1881,8,1,1,3,0.3,0.3,99,95,86,0
1882,8,1,1,3,0.3,0.3,99,95,86,0
1883,8,1,1,2,0.5,0.5,99,95,86,0
1884,8,1,1,2,0.5,0.5,99,95,86,0
1885,8,1,1,3,0.3,0.3,99,95,86,0
1886,8,1,1,2,0.5,0.5,99,95,86,0
1887,8,1,1,3,0.3,0.3,99,95,86,0
1888,8,1,1,2,0.5,0.5,99,95,86,0
1889,8,1,1,4,0.3,0.3,99,95,86,0
1890,8,1,1,3,0.3,0.3,99,95,86,0
1891,8,1,1,2,0.5,0.5,99,95,86,0
1892,8,1,1,3,0.3,0.3,99,95,86,0
1893,8,1,1,4,0.3,0.3,99,95,86,0
1894,8,1,1,2,0.5,0.5,99,95,86,0
1895,8,1,1,3,0.3,0.3,99,95,86,0
1896,8,1,1,3,0.4,0.4,99,95,86,0
1897,8,1,1,3,0.3,0.3,99,95,86,0
1898,8,1,1,2,0.5,0.5,99,95,86,0
1899,8,1,1,4,0.2,0.3,99,95,86,0
1900,8,2,1,2,0.5,0.5,99,95,86,0
1901,8,2,1,3,0.4,0.4,99,95,86,0
1902,8,2,1,3,0.3,0.3,99,95,86,0
1903,8,2,1,3,0.2,0.7,99,95,86,0
1904,8,2,1,2,0.5,0.5,99,95,86,0
1905,8,2,2,2,0.8,0.8,99,95,86,0
1906,8,2,1,1,1,5.070943313,99,95,86,0
1907,8,2,2,3,0.7,0.7,99,95,86,0
1908,8,2,1,2,0.5,0.5,99,95,86,0
1909,8,2,1,3,0.3,0.3,99,95,86,0
1910,8,2,1,2,0.5,0.5,99,95,86,0
1911,8,2,1,2,0.5,0.5,99,95,86,0
1912,8,2,5,6,0.2,1,99,95,86,0
1913,8,2,1,2,0.5,0.5,99,95,86,0
1914,8,2,6,6,0.3,1.2,99,95,86,0
1915,8,2,1,2,0.5,0.5,99,95,86,0
1916,8,2,7,6,0.7,0.8,99,95,86,0
1917,8,3,1,3,0.2,0.5,99,95,86,0
1918,8,3,2,3,0.3,1,99,95,86,0
1919,8,3,1,3,0.4,0.4,99,95,86,0
1920,8,3,1,2,0.5,0.5,99,95,86,0
1921,8,3,1,3,0.3,0.3,99,95,86,0
1922,8,3,2,4,0.3,0.6,99,95,86,0
1923,8,3,1,3,0.2,0.7,99,95,86,0
1924,8,3,1,2,0.5,0.5,99,95,86,0
1925,8,3,1,2,0.5,0.5,99,95,86,0
1926,8,3,1,2,0.5,0.5,99,95,86,0
1927,8,3,1,3,0.3,0.6,99,95,86,0
1928,8,3,1,3,0.2,0.6,99,95,86,0
1929,8,3,1,2,0.5,0.5,99,95,86,0
1930,8,3,2,5,0.2,0.6,99,95,86,0
1931,8,3,16,10,0.2,0.8,28,10,5,0
1932,8,3,1,3,0.3,0.3,99,95,86,0
1933,8,3,1,2,0.5,0.5,99,95,86,0
1934,8,3,16,10,0.4,1,29,10,2,0
1935,8,3,28,13,0.6,1.3,42,36,37,0
1936,8,4,1,3,0.3,0.3,99,95,86,0
1937,8,4,1,3,0.3,0.3,99,95,86,0
1938,8,4,1,2,0.5,0.5,99,95,86,0
1939,8,4,1,3,0.2,0.7,99,95,86,0
1940,8,4,1,3,0.3,0.3,99,95,86,0
1941,8,4,1,2,0.5,0.5,99,95,86,0
1942,8,4,1,4,0.4,0.4,99,95,86,0
1943,8,4,1,3,0.3,0.3,99,95,86,0
1944,8,4,6,6,0.2,0.7,99,95,86,0
1945,8,4,1,3,0.2,0.7,99,95,86,0
1946,8,4,1,2,0.5,0.5,99,95,86,0
1947,8,4,1,2,0.5,0.5,99,95,86,0
1948,8,4,2,4,0.2,0.5,99,95,86,0
1949,8,4,2,5,0.2,0.7,99,95,86,0
1950,8,4,1,4,0.2,0.3,99,95,86,0
1951,8,4,53,14,0.8,2.1,52,53,48,0
1952,8,4,2,5,0.2,0.6,99,95,86,0
1953,8,4,33,13,0.3,1,50,41,35,0
1954,8,5,1,3,0.3,0.3,99,95,86,0
1955,8,5,1,2,0.5,0.5,99,95,86,0
1956,8,5,1,3,0.3,0.3,99,95,86,0
1957,8,5,80,16,0.6,1,93,86,58,0
1958,8,5,1,2,0.5,0.5,99,95,86,0
1959,8,5,2,3,0.4,1,99,95,86,0
1960,8,5,1,3,0.2,0.3,99,95,86,0
1961,8,5,71,18,0.2,1,69,63,57,0
1962,8,6,1,3,0.3,0.3,99,95,86,0
1963,8,6,1,3,0.3,0.7,99,95,86,0
1964,8,6,1,3,0.3,0.3,99,95,86,0
1965,8,6,1,2,0.5,0.5,99,95,86,0
1966,8,6,1,3,0.4,0.6,99,95,86,0
1967,8,6,8,6,0.3,1,99,95,86,0
1968,8,6,65,15,1,2.5,70,65,58,0
1969,8,6,53,15,0.2,0.8,60,53,52,0
1970,8,7,1,2,0.5,0.5,99,95,86,0
1971,8,7,1,2,0.5,0.5,99,95,86,0
1972,8,7,1,3,0.3,0.3,99,95,86,0
1973,8,7,1,3,0.2,0.6,99,95,86,0
1974,8,7,8,6,0.5,1.7,99,95,86,0
1975,8,7,2,4,0.2,0.7,99,95,86,0
1976,8,7,2,4,0.2,0.8,99,95,86,0
1977,8,7,1,3,0.3,0.3,99,95,86,0
1978,8,7,1,2,0.5,0.5,99,95,86,0
1979,8,7,1,3,0.3,0.3,99,95,86,0
1980,8,7,1,1,1,2.331485706,99,95,86,0
1981,8,7,2,4,0.2,0.5,99,95,86,0
1982,8,7,1,4,0.3,0.3,99,95,86,0
1983,8,7,1,2,0.5,0.5,99,95,86,0
1984,8,7,1,2,0.5,0.5,99,95,86,0
1985,8,7,1,1,1,3.412006981,99,95,86,0
1986,8,7,1,3,0.3,0.3,99,95,86,0
1987,8,7,1,3,0.3,0.6,99,95,86,0
1988,8,7,7,6,0.2,0.5,99,95,86,0
1989,8,7,5,5,0.2,0.6,99,95,86,0
1990,8,7,1,3,0.3,0.3,99,95,86,0
1991,55,1,1,3,0.3,0.7,99,95,86,0
1992,55,2,2,3,0.3,0.9,99,95,86,0
1993,55,3,1,3,0.3,0.3,99,95,86,0
1994,55,3,1,1,1,5.05131208,99,95,86,0
1995,55,3,1,2,0.5,0.5,99,95,86,0
1996,55,3,1,2,0.5,0.5,99,95,86,0
1997,55,3,1,3,0.3,0.3,99,95,86,0
1998,55,4,1,2,0.5,0.5,99,95,86,0
1999,55,4,1,3,0.3,0.3,99,95,86,0
2000,55,4,1,1,1,9.102013304,99,95,86,0
2001,55,4,1,2,0.5,0.5,99,95,86,0
2002,55,4,1,3,0.2,0.6,99,95,86,0
2003,55,4,1,3,0.3,0.3,99,95,86,0
2004,55,5,1,3,0.3,0.3,99,95,86,0
2005,55,5,1,2,0.5,0.5,99,95,86,0
2006,55,5,1,3,0.3,0.3,99,95,86,0
2007,55,5,1,2,0.5,0.5,99,95,86,0
2008,55,5,1,3,0.3,0.3,99,95,86,0
2009,55,5,1,2,0.5,0.5,99,95,86,0
2010,55,5,1,3,0.3,0.3,99,95,86,0
2011,55,5,1,3,0.3,0.3,99,95,86,0
2012,55,5,1,2,0.5,0.5,99,95,86,0
2013,55,5,1,3,0.3,0.3,99,95,86,0
2014,55,5,1,2,0.5,0.5,99,95,86,0
2015,55,5,1,2,0.5,0.5,99,95,86,0
2016,55,5,1,3,0.3,0.3,99,95,86,0
2017,55,5,1,2,0.5,0.5,99,95,86,0
2018,55,5,1,2,0.5,0.5,99,95,86,0
2019,55,5,1,2,0.5,0.5,99,95,86,0
2020,55,5,1,2,0.5,0.5,99,95,86,0
2021,55,5,1,3,0.3,0.3,99,95,86,0
2022,55,5,1,3,0.3,0.3,99,95,86,0
2023,55,5,1,2,0.5,0.5,99,95,86,0
2024,55,5,1,1,1,6.580516941,99,95,86,0
2025,55,5,1,3,0.3,0.3,99,95,86,0
2026,22,1,1,2,0.5,0.5,99,95,86,0
2027,22,1,1,2,0.5,0.5,99,95,86,0
2028,22,1,1,3,0.3,0.3,99,95,86,0
2029,22,1,1,4,0.2,0.3,99,95,86,0
2030,22,1,84,19,0.3,0.8,68,65,60,0
2031,22,2,1,4,0.3,0.3,99,95,86,0
2032,22,2,1,3,0.3,0.3,99,95,86,0
2033,22,2,1,2,0.5,0.5,99,95,86,0
2034,22,2,1,3,0.3,0.3,99,95,86,0
2035,22,2,1,2,0.5,0.5,99,95,86,0
2036,22,2,1,3,0.3,0.3,99,95,86,0
2037,22,2,1,3,0.3,0.3,99,95,86,0
2038,22,2,1,5,0.2,0.3,99,95,86,0
2039,22,3,1,3,0.3,0.8,99,95,86,0
2040,22,3,2,3,0.3,1.2,99,95,86,0
2041,22,3,63,16,1,2,49,51,54,0
2042,22,4,64,12,1.6,4,91,62,35,0
2043,22,5,1,3,0.3,0.3,99,95,86,0
2044,22,5,2,3,0.5,1,99,95,86,0
2045,22,5,1,1,1,6.957316703,99,95,86,0
2046,22,5,42,13,0.5,1.7,50,36,62,0
2047,22,5,1,2,0.5,0.5,99,95,86,0
2048,22,5,4,5,0.6,1.1,99,95,86,0
2049,22,5,3,5,0.5,1,99,95,86,0
2050,22,5,1,3,0.3,0.3,99,95,86,0
2051,22,5,1,3,0.5,0.6,99,95,86,0
2052,22,5,73,16,1,1.2,79,92,81,0
2053,22,6,1,3,0.3,0.3,99,95,86,0
2054,22,6,1,3,0.3,0.3,99,95,86,0
2055,22,6,7,9,0.2,0.6,13,8,0,0
2056,22,6,1,3,0.3,0.3,99,95,86,0
2057,22,6,1,3,0.4,0.8,99,95,86,0
2058,22,6,1,3,0.6,0.6,99,95,86,0
2059,22,7,24,9,0.2,0.5,40,32,4,0
2060,22,7,1,4,0.3,0.3,99,95,86,0
2061,22,7,1,2,0.5,0.5,99,95,86,0
2062,22,7,1,3,0.3,0.3,99,95,86,0
2063,22,7,1,4,0.3,0.3,99,95,86,0
2064,22,7,2,5,0.2,0.3,99,95,86,0
2065,22,7,6,8,0.2,0.2,11,5,86,0
2066,22,8,1,4,0.3,0.3,99,95,86,0
2067,22,8,1,3,0.3,0.3,99,95,86,0
2068,22,8,1,6,0.2,0.2,99,95,86,0
2069,22,8,1,3,0.3,0.3,99,95,86,0
2070,22,8,1,2,0.5,0.5,99,95,86,0
2071,22,9,1,4,0.3,0.3,99,95,86,0
2072,22,9,5,7,0.2,0.2,5,95,86,0
2073,22,9,1,6,0.2,0.2,99,95,86,0
2074,22,9,3,6,0.5,0.6,99,95,86,0
2075,22,9,1,3,0.3,0.3,99,95,86,0
2076,22,9,70,18,0.2,1,50,61,65,0
2077,22,10,12,8,0.7,1.1,10,1,86,0
2078,22,10,1,3,0.3,0.3,99,95,86,0
2079,22,10,1,2,0.5,0.5,99,95,86,0
2080,22,10,70,16,1.1,2,82,75,67,0
2081,22,10,2,4,0.2,0.6,99,95,86,0
2082,22,10,1,3,0.3,0.3,99,95,86,0
2083,22,10,1,3,0.3,0.3,99,95,86,0
2084,22,10,1,2,0.5,0.5,99,95,86,0
2085,22,10,15,9,0.2,0.5,46,16,0,0
2086,22,10,18,9,0.2,0.5,40,34,5,0
2087,34,1,1,3,0.3,0.3,99,95,86,0
2088,34,1,1,2,0.5,0.5,99,95,86,0
2089,34,1,1,2,0.5,0.5,99,95,86,0
2090,34,1,1,3,0.3,0.3,99,95,86,0
2091,34,1,9,7,0.5,1.8,0,95,86,0
2092,34,1,4,5,0.4,1,99,95,86,0
2093,34,1,1,3,0.3,0.5,99,95,86,0
2094,34,1,1,3,0.3,0.3,99,95,86,0
2095,34,1,1,3,0.3,0.4,99,95,86,0
2096,34,1,1,4,0.2,0.4,99,95,86,0
2097,34,1,4,6,0.2,0.6,99,95,86,0
2098,34,2,1,2,0.5,0.5,99,95,86,0
2099,34,2,1,2,0.5,0.5,99,95,86,0
2100,34,2,1,3,0.4,0.4,99,95,86,0
2101,34,2,1,3,0.3,0.3,99,95,86,0
2102,34,2,1,3,0.3,0.3,99,95,86,0
2103,34,2,1,3,0.3,0.3,99,95,86,0
2104,34,2,1,3,0.3,0.3,99,95,86,0
2105,34,2,1,3,0.3,0.3,99,95,86,0
2106,34,2,1,2,0.5,0.5,99,95,86,0
2107,34,2,3,6,0.2,0.6,99,95,86,0
2108,34,2,1,2,0.5,0.5,99,95,86,0
2109,34,2,1,3,0.3,0.3,99,95,86,0
2110,34,2,1,4,0.2,0.3,99,95,86,0
2111,34,3,60,18,0.3,1.5,14,26,53,0
2112,34,4,3,4,0.2,1,99,95,86,0
2113,34,4,1,3,0.3,0.3,99,95,86,0
2114,34,4,3,5,0.2,0.8,99,95,86,0
2115,34,4,1,3,0.3,0.3,99,95,86,0
2116,34,4,2,3,0.3,1,99,95,86,0
2117,34,4,1,3,0.3,0.3,99,95,86,0
2118,34,4,1,4,0.3,0.3,99,95,86,0
2119,34,4,1,2,0.5,0.5,99,95,86,0
2120,34,4,2,4,0.3,0.7,99,95,86,0
2121,34,4,1,4,0.3,0.3,99,95,86,0
2122,34,4,1,5,0.2,0.2,99,95,86,0
2123,34,5,1,3,0.3,0.3,99,95,86,0
2124,34,5,1,2,0.5,0.5,99,95,86,0
2125,34,5,1,2,0.5,0.5,99,95,86,0
2126,34,5,1,3,0.3,0.3,99,95,86,0
2127,34,5,1,3,0.3,0.3,99,95,86,0
2128,34,5,1,2,0.5,0.5,99,95,86,0
2129,34,5,1,3,0.3,0.3,99,95,86,0
2130,34,5,1,3,0.3,0.3,99,95,86,0
2131,34,5,1,3,0.3,0.3,99,95,86,0
2132,34,5,4,5,0.2,0.8,99,95,86,0
2133,34,5,1,3,0.3,0.3,99,95,86,0
2134,34,5,3,5,0.2,1,99,95,86,0
2135,34,5,2,5,0.2,0.6,99,95,86,0
2136,34,5,1,2,0.5,0.5,99,95,86,0
2137,34,5,1,3,0.3,0.3,99,95,86,0
2138,34,5,1,3,0.3,0.3,99,95,86,0
2139,34,5,1,2,0.5,0.5,99,95,86,0
2140,34,5,1,2,0.5,0.5,99,95,86,0
2141,34,5,1,3,0.3,0.3,99,95,86,0
2142,34,5,1,2,0.5,0.5,99,95,86,0
2143,34,5,1,2,0.5,0.5,99,95,86,0
2144,34,5,2,4,0.2,0.8,99,95,86,0
2145,34,5,1,3,0.6,0.6,99,95,86,0
2146,34,5,1,3,0.3,0.3,99,95,86,0
2147,34,5,1,2,0.5,0.5,99,95,86,0
2148,34,5,1,2,0.5,0.5,99,95,86,0
2149,34,5,3,4,0.3,1,99,95,86,0
2150,34,6,1,3,0.4,0.4,99,95,86,0
2151,34,6,1,3,0.2,0.5,99,95,86,0
2152,34,6,4,4,0.6,1.2,99,95,86,0
2153,34,6,8,7,0.3,1.1,1,95,86,0
2154,34,6,1,3,0.3,0.3,99,95,86,0
2155,34,6,6,5,0.3,1.6,99,95,86,0
2156,34,6,4,5,0.2,1,99,95,86,0
2157,34,6,1,3,0.3,0.3,99,95,86,0
2158,34,6,1,3,0.3,0.3,99,95,86,0
2159,34,6,1,2,0.5,0.5,99,95,86,0
2160,34,6,1,4,0.3,0.3,99,95,86,0
2161,34,7,1,3,0.2,0.6,99,95,86,0
2162,34,7,1,4,0.2,0.3,99,95,86,0
2163,34,7,1,3,0.3,0.3,99,95,86,0
2164,34,7,12,12,0.4,0.7,30,29,25,0
2165,34,7,6,10,0.2,0.8,5,8,2,0
2166,14,1,1,3,0.3,0.3,99,95,86,0
2167,14,1,1,2,0.5,0.5,99,95,86,0
2168,14,1,1,2,0.5,0.5,99,95,86,0
2169,14,1,1,1,1,2.95220528,99,95,86,0
2170,14,1,1,2,0.5,0.5,99,95,86,0
2171,14,1,1,2,0.5,0.5,99,95,86,0
2172,14,1,1,2,0.5,0.5,99,95,86,0
2173,14,1,1,2,0.5,0.5,99,95,86,0
2174,14,1,1,2,0.5,0.5,99,95,86,0
2175,14,1,1,3,0.3,0.3,99,95,86,0
2176,14,1,1,3,0.3,0.3,99,95,86,0
2177,14,1,1,3,0.3,0.3,99,95,86,0
2178,14,1,1,3,0.3,0.3,99,95,86,0
2179,14,1,1,2,0.5,0.5,99,95,86,0
2180,14,1,1,2,0.5,0.5,99,95,86,0
2181,14,1,1,2,0.5,0.5,99,95,86,0
2182,14,1,1,2,0.5,0.5,99,95,86,0
2183,14,1,1,2,0.5,0.5,99,95,86,0
2184,14,1,1,2,0.5,0.5,99,95,86,0
2185,14,1,1,2,0.5,0.5,99,95,86,0
2186,14,1,1,2,0.5,0.5,99,95,86,0
2187,14,1,1,3,0.3,0.3,99,95,86,0
2188,14,1,1,4,0.3,0.3,99,95,86,0
2189,14,1,1,4,0.3,0.3,99,95,86,0
2190,14,1,1,4,0.3,0.3,99,95,86,0
2191,14,1,1,4,0.3,0.3,99,95,86,0
2192,14,1,1,2,0.5,0.5,99,95,86,0
2193,14,1,1,2,0.5,0.5,99,95,86,0
2194,14,1,1,2,0.5,0.5,99,95,86,0
2195,14,1,1,2,0.5,0.5,99,95,86,0
2196,14,2,1,3,0.3,0.3,99,95,86,0
2197,14,2,1,2,0.5,0.5,99,95,86,0
2198,14,2,1,2,0.5,0.5,99,95,86,0
2199,14,2,1,3,0.3,0.3,99,95,86,0
2200,14,2,1,3,0.3,0.3,99,95,86,0
2201,14,2,1,3,0.3,0.3,99,95,86,0
2202,14,2,1,3,0.3,0.3,99,95,86,0
2203,14,2,1,3,0.3,0.3,99,95,86,0
2204,14,2,1,3,0.3,0.3,99,95,86,0
2205,14,2,1,3,0.3,0.3,99,95,86,0
2206,14,2,1,3,0.3,0.3,99,95,86,0
2207,14,2,1,3,0.3,0.3,99,95,86,0
2208,14,2,1,3,0.3,0.3,99,95,86,0
2209,14,2,1,2,0.5,0.5,99,95,86,0
2210,14,2,1,2,0.5,0.5,99,95,86,0
2211,14,2,1,2,0.5,0.5,99,95,86,0
2212,14,2,1,2,0.5,0.5,99,95,86,0
2213,14,2,1,2,0.5,0.5,99,95,86,0
2214,14,2,1,2,0.5,0.5,99,95,86,0
2215,14,2,1,2,0.5,0.5,99,95,86,0
2216,14,2,1,4,0.3,0.3,99,95,86,0
2217,14,2,1,3,0.2,0.5,99,95,86,0
2218,14,2,1,3,0.2,0.5,99,95,86,0
2219,14,2,1,4,0.3,0.3,99,95,86,0
2220,14,2,1,4,0.2,0.3,99,95,86,0
2221,14,3,1,3,0.3,0.3,99,95,86,0
2222,14,3,1,3,0.3,0.3,99,95,86,0
2223,14,3,1,3,0.3,0.3,99,95,86,0
2224,14,3,1,2,0.5,0.5,99,95,86,0
2225,14,3,1,3,0.3,0.3,99,95,86,0
2226,14,3,1,2,0.5,0.5,99,95,86,0
2227,14,3,1,3,0.3,0.3,99,95,86,0
2228,14,3,1,3,0.3,0.3,99,95,86,0
2229,14,3,1,3,0.3,0.3,99,95,86,0
2230,14,3,1,4,0.3,0.3,99,95,86,0
2231,14,3,1,2,0.5,0.5,99,95,86,0
2232,14,3,1,3,0.3,0.3,99,95,86,0
2233,14,4,1,3,0.3,0.3,99,95,86,0
2234,14,4,1,3,0.3,0.3,99,95,86,0
2235,14,4,1,3,0.3,0.3,99,95,86,0
2236,14,4,1,2,0.5,0.5,99,95,86,0
2237,14,4,1,3,0.3,0.3,99,95,86,0
2238,14,4,1,3,0.3,0.3,99,95,86,0
2239,14,4,1,3,0.3,0.3,99,95,86,0
2240,14,4,1,3,0.3,0.3,99,95,86,0
2241,14,4,1,3,0.3,0.3,99,95,86,0
2242,14,4,1,3,0.3,0.3,99,95,86,0
2243,14,4,1,3,0.3,0.3,99,95,86,0
2244,14,4,1,3,0.3,0.3,99,95,86,0
2245,14,4,1,3,0.3,0.3,99,95,86,0
2246,14,4,1,3,0.3,0.3,99,95,86,0
2247,14,4,1,3,0.3,0.3,99,95,86,0
2248,14,4,1,3,0.3,0.3,99,95,86,0
2249,14,4,1,3,0.3,0.3,99,95,86,0
2250,14,4,1,3,0.3,0.3,99,95,86,0
2251,14,4,1,3,0.3,0.3,99,95,86,0
2252,14,4,1,3,0.3,0.3,99,95,86,0
2253,14,4,1,3,0.3,0.3,99,95,86,0
2254,14,4,1,5,0.2,0.2,99,95,86,0
2255,14,4,1,2,0.5,0.5,99,95,86,0
2256,14,5,1,2,0.5,0.5,99,95,86,0
2257,14,5,1,3,0.3,0.3,99,95,86,0
2258,14,5,1,3,0.3,0.6,99,95,86,0
2259,14,5,2,5,0.2,0.6,99,95,86,0
2260,14,5,3,5,0.4,0.7,99,95,86,0
2261,14,5,3,5,0.3,0.6,99,95,86,0
2262,14,5,6,7,0.5,0.7,0,95,86,0
2263,14,5,1,2,0.5,0.5,99,95,86,0
2264,14,5,1,2,0.5,0.5,99,95,86,0
2265,14,5,1,3,0.3,0.3,99,95,86,0
2266,14,6,1,3,0.3,0.6,99,95,86,0
2267,14,6,1,2,0.5,0.5,99,95,86,0
2268,14,6,1,2,0.5,0.5,99,95,86,0
2269,14,6,1,2,0.5,0.5,99,95,86,0
2270,14,6,1,2,0.5,0.5,99,95,86,0
2271,14,6,1,2,0.5,0.5,99,95,86,0
2272,14,6,1,2,0.5,0.5,99,95,86,0
2273,14,6,1,2,0.5,0.5,99,95,86,0
2274,14,6,1,2,0.5,0.5,99,95,86,0
2275,14,6,1,2,0.5,0.5,99,95,86,0
2276,14,6,1,3,0.3,0.3,99,95,86,0
2277,14,6,1,3,0.3,0.3,99,95,86,0
2278,14,6,1,3,0.3,0.3,99,95,86,0
2279,14,6,1,3,0.3,0.3,99,95,86,0
2280,14,6,1,3,0.3,0.3,99,95,86,0
2281,14,6,1,3,0.3,0.3,99,95,86,0
2282,14,6,1,3,0.3,0.3,99,95,86,0
2283,14,6,1,4,0.2,0.3,99,95,86,0
2284,14,6,1,5,0.3,0.4,99,95,86,0
2285,14,6,1,7,0.2,0.2,0,95,86,0
2286,14,6,1,4,0.2,0.3,99,95,86,0
2287,14,7,1,3,0.3,0.3,99,95,86,0
2288,14,7,1,3,0.3,0.3,99,95,86,0
2289,14,7,1,3,0.3,0.3,99,95,86,0
2290,14,7,1,3,0.3,0.3,99,95,86,0
2291,14,7,1,3,0.3,0.3,99,95,86,0
2292,14,7,1,3,0.3,0.3,99,95,86,0
2293,14,7,1,2,0.5,0.5,99,95,86,0
2294,14,7,1,2,0.5,0.5,99,95,86,0
2295,14,7,1,2,0.5,0.5,99,95,86,0
2296,14,7,1,2,0.5,0.5,99,95,86,0
2297,14,7,1,2,0.5,0.5,99,95,86,0
2298,14,7,1,2,0.5,0.5,99,95,86,0
2299,14,7,1,2,0.5,0.5,99,95,86,0
2300,14,7,1,2,0.5,0.5,99,95,86,0
2301,14,7,1,2,0.5,0.5,99,95,86,0
2302,14,7,1,4,0.2,0.5,99,95,86,0
2303,14,7,3,6,0.3,0.7,99,95,86,0
2304,14,7,3,6,0.3,0.6,99,95,86,0
2305,10,1,5,6,0.5,1,99,95,86,0
2306,10,1,3,5,0.3,0.6,99,95,86,0
2307,10,2,2,4,0.5,0.6,99,95,86,0
2308,10,2,2,4,0.3,0.4,99,95,86,0
2309,10,2,1,4,0.2,0.3,99,95,86,0
2310,10,2,1,3,0.3,0.3,99,95,86,0
2311,10,2,1,3,0.3,0.3,99,95,86,0
2312,10,2,1,3,0.3,0.3,99,95,86,0
2313,10,2,12,9,0.3,1,13,8,3,0
2314,10,2,1,4,0.3,0.3,99,95,86,0
2315,10,2,1,2,0.5,0.5,99,95,86,0
2316,10,2,1,3,0.3,0.3,99,95,86,0
2317,10,2,5,6,0.6,0.8,99,95,86,0
2318,10,2,2,4,0.2,0.6,99,95,86,0
2319,10,2,2,4,0.3,0.5,99,95,86,0
2320,10,3,10,7,0.5,1.1,1,95,86,0
2321,10,3,12,8,0.5,1.5,8,1,86,0
2322,10,3,1,3,0.3,0.3,99,95,86,0
2323,10,3,2,4,0.3,0.6,99,95,86,0
2324,10,3,1,4,0.3,0.3,99,95,86,0
2325,10,3,1,4,0.3,0.3,99,95,86,0
2326,10,3,1,3,0.3,0.3,99,95,86,0
2327,10,3,1,4,0.3,0.3,99,95,86,0
2328,10,3,1,2,0.5,0.5,99,95,86,0
2329,10,3,1,2,0.5,0.5,99,95,86,0
2330,10,3,1,3,0.3,0.3,99,95,86,0
2331,10,3,1,4,0.3,0.3,99,95,86,0
2332,10,3,6,7,0.2,0.5,4,95,86,0
2333,10,3,6,7,0.3,0.6,0,95,86,0
2334,10,4,1,3,0.3,0.3,99,95,86,0
2335,10,4,1,3,0.3,0.3,99,95,86,0
2336,10,4,1,3,0.3,0.3,99,95,86,0
2337,10,5,3,5,0.3,1,99,95,86,0
2338,10,5,1,3,0.3,0.3,99,95,86,0
2339,10,5,1,5,0.2,0.3,99,95,86,0
2340,10,5,2,5,0.2,0.5,99,95,86,0
2341,10,5,1,5,0.2,0.3,99,95,86,0
2342,10,6,2,6,0.2,0.3,99,95,86,0
2343,10,6,1,6,0.2,0.2,99,95,86,0
2344,10,6,1,2,0.5,0.5,99,95,86,0
2345,10,6,1,4,0.2,0.3,99,95,86,0
2346,10,6,25,12,0.2,0.3,58,48,39,0
2347,10,6,2,4,0.3,0.6,99,95,86,0
2348,10,6,73,16,0.6,1.2,63,63,76,0
2349,19,1,15,6,0.8,2.2,99,95,86,0
2350,19,2,2,5,0.2,0.3,99,95,86,0
2351,19,2,1,4,0.3,0.3,99,95,86,0
2352,19,2,1,4,0.3,0.3,99,95,86,0
2353,19,2,3,6,0.5,0.6,99,95,86,0
2354,19,2,1,6,0.2,0.3,99,95,86,0
2355,19,2,1,7,0.2,0.2,0,95,86,0
2356,19,2,1,4,0.3,0.3,99,95,86,0
2357,19,2,2,7,0.2,0.3,0,95,86,0
2358,19,3,5,7,0.2,0.4,4,95,86,0
2359,19,3,1,4,0.3,0.3,99,95,86,0
2360,19,3,1,5,0.2,0.3,99,95,86,0
2361,19,3,1,4,0.3,0.3,99,95,86,0
2362,19,4,105,22,1.5,3.6,85,65,51,0
2363,19,5,1,3,0.3,0.3,99,95,86,0
2364,19,5,1,5,0.2,0.3,99,95,86,0
2365,19,5,1,3,0.3,0.3,99,95,86,0
2366,19,5,3,6,0.3,0.6,99,95,86,0
2367,19,5,1,4,0.3,0.3,99,95,86,0
2368,19,5,1,3,0.3,0.3,99,95,86,0
2369,19,5,2,7,0.3,0.6,0,95,86,0
2370,19,6,67,16,1.2,3.8,66,34,24,0
2371,19,7,104,18,1.6,4.3,67,63,61,0
2372,19,8,2,3,0.6,1.1,99,95,86,0
2373,19,8,3,4,0.5,1.1,99,95,86,0
2374,19,8,28,14,0.8,3.4,32,10,0,0
2375,19,8,12,6,0.3,1.6,99,95,86,0
2376,47,1,15,9,0.3,2.8,13,2,0,0
2377,47,2,1,3,0.3,0.3,99,95,86,0
2378,47,2,1,4,0.3,0.3,99,95,86,0
2379,47,2,7,6,0.7,1.8,99,95,86,0
2380,47,2,9,9,0.3,1.2,4,5,0,0
2381,47,3,1,3,0.3,0.3,99,95,86,0
2382,47,3,1,3,0.3,0.3,99,95,86,0
2383,47,3,1,3,0.3,0.3,99,95,86,0
2384,47,3,1,3,0.3,0.3,99,95,86,0
2385,47,3,1,4,0.3,0.3,99,95,86,0
2386,47,3,1,3,0.3,0.3,99,95,86,0
2387,47,3,1,3,0.3,0.3,99,95,86,0
2388,47,3,1,3,0.3,0.5,99,95,86,0
2389,47,3,5,5,0.2,1.2,99,95,86,0
2390,47,3,1,3,0.3,0.3,99,95,86,0
2391,47,3,1,3,0.3,0.6,99,95,86,0
2392,47,3,3,5,0.6,1.1,99,95,86,0
2393,35,1,82,17,1.5,1.6,84,64,68,0
2394,35,1,121,20,0.5,2.6,93,17,18,0
2395,35,2,1,3,0.3,0.3,99,95,86,0
2396,35,2,1,3,0.3,0.3,99,95,86,0
2397,35,2,1,3,0.3,0.3,99,95,86,0
2398,35,2,1,3,0.3,0.3,99,95,86,0
2399,35,2,1,3,0.3,0.3,99,95,86,0
2400,35,2,1,3,0.3,0.3,99,95,86,0
2401,35,2,1,2,0.5,0.5,99,95,86,0
2402,35,2,1,2,0.5,0.5,99,95,86,0
2403,35,2,1,2,0.5,0.5,99,95,86,0
2404,35,2,1,4,0.3,0.3,99,95,86,0
2405,35,3,1,3,0.3,0.3,99,95,86,0
2406,35,3,1,3,0.3,0.3,99,95,86,0
2407,35,3,1,3,0.3,0.3,99,95,86,0
2408,35,3,1,3,0.3,0.3,99,95,86,0
2409,35,3,1,3,0.3,0.3,99,95,86,0
2410,35,3,1,3,0.3,0.3,99,95,86,0
2411,35,3,1,3,0.3,0.3,99,95,86,0
2412,35,3,1,3,0.3,0.3,99,95,86,0
2413,35,3,1,3,0.3,0.3,99,95,86,0
2414,35,3,1,3,0.3,0.3,99,95,86,0
2415,35,3,1,3,0.3,0.3,99,95,86,0
2416,35,3,1,3,0.3,0.3,99,95,86,0
2417,35,3,1,4,0.3,0.3,99,95,86,0
2418,35,3,1,3,0.3,0.3,99,95,86,0
2419,35,3,1,2,0.5,0.5,99,95,86,0
2420,35,3,1,2,0.5,0.5,99,95,86,0
2421,35,3,1,2,0.5,0.5,99,95,86,0
2422,35,3,1,2,0.5,0.5,99,95,86,0
2423,35,3,1,4,0.3,0.3,99,95,86,0
2424,35,3,1,4,0.3,0.3,99,95,86,0
2425,35,4,75,16,0.3,1.4,90,75,77,0
2426,35,5,1,2,0.5,0.5,99,95,86,0
2427,35,5,1,2,0.5,0.5,99,95,86,0
2428,35,5,1,3,0.3,0.3,99,95,86,0
2429,35,5,1,3,0.3,0.3,99,95,86,0
2430,35,5,1,3,0.3,0.3,99,95,86,0
2431,35,5,1,3,0.3,0.3,99,95,86,0
2432,35,5,1,3,0.3,0.3,99,95,86,0
2433,35,5,1,5,0.2,0.3,99,95,86,0
2434,35,6,1,3,0.3,0.3,99,95,86,0
2435,35,6,1,3,0.2,0.5,99,95,86,0
2436,35,6,1,4,0.2,0.5,99,95,86,0
2437,35,6,2,6,0.2,0.5,99,95,86,0
2438,35,6,2,6,0.2,0.6,99,95,86,0
2439,35,6,2,7,0.2,0.4,0,95,86,0
2440,35,6,2,5,0.2,0.5,99,95,86,0
2441,35,6,1,3,0.3,0.3,99,95,86,0
2442,35,6,1,3,0.3,0.3,99,95,86,0
2443,35,6,1,3,0.3,0.3,99,95,86,0
2444,35,6,1,3,0.3,0.3,99,95,86,0
2445,35,6,1,3,0.3,0.3,99,95,86,0
2446,35,6,1,3,0.3,0.3,99,95,86,0
2447,35,6,3,9,0.2,0.4,1,3,1,0
2448,35,6,2,7,0.2,0.3,0,95,86,0
2449,35,7,126,20,1.6,3.7,95,89,75,0
2450,35,8,1,4,0.2,0.5,99,95,86,0
2451,35,8,2,4,0.3,0.6,99,95,86,0
2452,35,8,1,4,0.2,0.3,99,95,86,0
2453,35,8,3,6,0.2,0.5,99,95,86,0
2454,35,8,53,16,0.8,1.3,50,48,51,0
2455,35,9,49,15,0.3,2.7,40,59,63,0
2456,35,9,84,18,0.8,2.3,88,83,66,0
2457,30,1,1,2,0.5,0.5,99,95,86,1
2458,30,1,1,2,0.5,0.5,99,95,86,1
2459,30,1,1,2,0.5,0.5,99,95,86,1
2460,30,1,1,2,0.5,0.5,99,95,86,1
2461,30,1,1,2,0.5,0.5,99,95,86,1
2462,30,1,1,2,0.5,0.5,99,95,86,1
2463,30,1,1,2,0.5,0.5,99,95,86,1
2464,30,1,1,1,1,6.409705053,99,95,86,1
2465,30,1,1,2,0.5,0.5,99,95,86,1
2466,30,1,1,2,0.5,0.5,99,95,86,1
2467,30,2,1,3,0.3,0.3,99,95,86,1
2468,30,2,1,2,0.5,0.5,99,95,86,1
2469,30,2,1,2,0.5,0.5,99,95,86,1
2470,30,2,1,2,0.5,0.5,99,95,86,1
2471,30,3,1,3,0.4,0.7,99,95,86,1
2472,30,3,1,4,0.2,0.6,99,95,86,1
2473,30,3,1,4,0.2,0.4,99,95,86,1
2474,30,3,1,4,0.2,0.4,99,95,86,1
2475,30,4,2,3,0.2,0.8,99,95,86,1
2476,30,4,1,2,0.5,0.5,99,95,86,1
2477,30,4,1,3,0.2,0.6,99,95,86,1
2478,30,4,1,2,0.5,0.5,99,95,86,1
2479,30,4,1,3,0.3,0.3,99,95,86,1
2480,30,4,1,3,0.2,0.6,99,95,86,1
2481,30,4,1,2,0.5,0.5,99,95,86,1
2482,30,4,1,2,0.5,0.5,99,95,86,1
2483,50,1,84,18,0.6,1.1,57,76,79,1
2484,50,2,31,8,0.5,2.7,33,3,86,1
2485,50,2,64,12,0.9,4.2,64,65,64,1
2486,50,3,52,15,0.3,0.8,50,62,61,1
2487,50,4,1,2,0.5,0.5,99,95,86,1
2488,50,4,1,2,0.5,0.5,99,95,86,1
2489,50,4,1,3,0.3,0.3,99,95,86,1
2490,50,4,1,4,0.3,0.5,99,95,86,1
2491,50,4,1,2,0.5,0.5,99,95,86,1
2492,50,4,1,4,0.3,0.3,99,95,86,1
2493,50,4,1,4,0.3,0.3,99,95,86,1
2494,50,4,1,4,0.3,0.3,99,95,86,1
2495,50,4,1,4,0.3,0.3,99,95,86,1
2496,50,4,1,4,0.3,0.3,99,95,86,1
2497,50,4,1,2,0.5,0.5,99,95,86,1
2498,50,4,1,1,1,3.823073063,99,95,86,1
2499,50,4,1,2,0.5,0.5,99,95,86,1
2500,50,4,1,1,1,4.71984939,99,95,86,1
2501,50,4,1,4,0.3,0.3,99,95,86,1
2502,50,4,1,3,0.3,0.3,99,95,86,1
2503,50,4,1,3,0.3,0.3,99,95,86,1
2504,50,4,1,3,0.3,0.3,99,95,86,1
2505,50,4,1,3,0.3,0.3,99,95,86,1
2506,50,4,1,3,0.3,0.3,99,95,86,1
2507,50,4,1,1,1,9.77925783,99,95,86,1
2508,50,4,1,4,0.2,0.4,99,95,86,1
2509,50,4,1,3,0.3,0.3,99,95,86,1
2510,50,4,1,4,0.3,0.3,99,95,86,1
2511,50,4,1,5,0.2,0.2,99,95,86,1
2512,50,5,1,3,0.3,0.3,99,95,86,1
2513,50,5,1,4,0.2,0.4,99,95,86,1
2514,50,5,1,3,0.3,0.3,99,95,86,1
2515,50,5,1,4,0.3,0.3,99,95,86,1
2516,50,5,1,4,0.2,0.4,99,95,86,1
2517,50,5,1,2,0.5,0.5,99,95,86,1
2518,50,5,1,2,0.5,0.5,99,95,86,1
2519,50,5,1,2,0.5,0.5,99,95,86,1
2520,50,5,1,1,1,12.24828097,99,95,86,1
2521,50,5,1,4,0.3,0.3,99,95,86,1
2522,50,5,1,1,1,5.954953748,99,95,86,1
2523,50,5,1,3,0.3,0.3,99,95,86,1
2524,50,5,1,2,0.5,0.5,99,95,86,1
2525,50,5,1,3,0.3,0.3,99,95,86,1
2526,50,5,1,3,0.3,0.3,99,95,86,1
2527,50,5,1,4,0.3,0.3,99,95,86,1
2528,50,6,1,2,0.5,0.5,99,95,86,1
2529,50,6,1,2,0.5,0.5,99,95,86,1
2530,50,6,5,8,0.2,0.6,3,2,86,1
2531,50,7,1,2,0.5,0.5,99,95,86,1
2532,50,7,1,3,0.3,0.3,99,95,86,1
2533,50,7,1,3,0.3,0.3,99,95,86,1
2534,50,7,1,4,0.2,0.4,99,95,86,1
2535,50,7,1,3,0.3,0.3,99,95,86,1
2536,50,7,1,3,0.3,0.3,99,95,86,1
2537,50,7,1,2,0.5,0.5,99,95,86,1
2538,50,7,1,1,1,4.884828679,99,95,86,1
2539,50,7,1,3,0.3,0.3,99,95,86,1
2540,50,7,1,2,0.5,0.5,99,95,86,1
2541,50,7,1,4,0.3,0.3,99,95,86,1
2542,50,8,1,2,0.5,0.5,99,95,86,1
2543,50,8,1,4,0.2,0.5,99,95,86,1
2544,50,8,1,3,0.3,0.3,99,95,86,1
2545,50,8,1,2,0.5,0.5,99,95,86,1
2546,50,8,1,4,0.5,0.3,99,95,86,1
2547,50,8,2,6,0.2,0.5,99,95,86,1
2548,50,8,1,2,0.5,0.5,99,95,86,1
2549,50,8,1,3,0.3,0.3,99,95,86,1
2550,50,8,1,3,0.3,0.3,99,95,86,1
2551,50,8,1,3,0.3,0.3,99,95,86,1
2552,50,8,1,4,0.3,0.3,99,95,86,1
2553,50,8,2,7,0.2,0.3,0,95,86,1
2554,50,8,8,10,0.4,0.5,11,8,1,1
2555,50,8,38,15,0.3,0.5,34,35,52,1
2556,50,8,113,20,0.5,1.4,77,82,81,1
2557,54,1,2,4,0.5,0.6,99,95,86,1
2558,54,1,1,4,0.3,0.3,99,95,86,1
2559,54,1,1,3,0.3,0.3,99,95,86,1
2560,54,1,4,6,0.2,0.4,99,95,86,1
2561,54,2,14,8,0.3,1.6,15,2,86,1
2562,54,2,13,8,0.3,1.2,28,7,86,1
2563,54,2,1,3,0.3,0.3,99,95,86,1
2564,54,2,2,5,0.2,0.6,99,95,86,1
2565,54,2,1,2,0.5,0.5,99,95,86,1
2566,54,2,1,2,0.5,0.5,99,95,86,1
2567,54,2,1,3,0.3,0.3,99,95,86,1
2568,54,2,1,4,0.3,0.3,99,95,86,1
2569,54,3,1,5,0.2,0.2,99,95,86,1
2570,54,3,1,2,0.5,0.5,99,95,86,1
2571,54,3,1,2,0.5,0.5,99,95,86,1
2572,54,3,1,3,0.3,0.3,99,95,86,1
2573,54,3,1,2,0.5,0.5,99,95,86,1
2574,54,4,2,4,0.2,0.8,99,95,86,1
2575,54,4,2,3,0.3,0.8,99,95,86,1
2576,54,5,11,6,0.3,2.2,99,95,86,1
2577,54,5,7,6,0.3,1.2,99,95,86,1
2578,54,5,1,3,0.3,0.3,99,95,86,1
2579,54,5,3,4,0.6,1,99,95,86,1
2580,54,5,3,6,0.4,0.8,99,95,86,1
2581,54,6,2,4,0.5,0.7,99,95,86,1
2582,54,6,2,4,0.2,0.7,99,95,86,1
2583,54,6,5,6,0.3,0.8,99,95,86,1
2584,54,6,1,3,0.2,0.4,99,95,86,1
2585,54,6,4,5,0.2,0.8,99,95,86,1
2586,54,6,6,6,0.3,1,99,95,86,1
2587,54,6,4,5,0.3,1,99,95,86,1
2588,54,6,2,4,0.2,0.6,99,95,86,1
2589,54,6,23,11,0.6,1,39,33,27,1
2590,20,1,29,9,0.2,1.1,62,36,13,1
2591,20,2,31,8,1,1.9,30,7,86,1
2592,20,3,27,8,0.5,1.6,30,7,86,1
2593,20,3,37,10,0.6,2.3,44,28,7,1
2594,20,3,20,7,0.4,1.5,3,95,86,1
2595,20,3,1,3,0.3,0.5,99,95,86,1
2596,20,3,78,16,1.2,5,76,78,73,1
2597,20,3,9,6,0.7,1.6,99,95,86,1
2598,20,3,89,16,0.7,2.5,88,78,68,1
2599,21,1,82,16,0.6,1.3,97,18,19,1
2600,21,2,1,4,0.3,0.3,99,95,86,1
2601,21,2,1,4,0.3,0.3,99,95,86,1
2602,21,2,1,4,0.3,0.3,99,95,86,1
2603,21,2,1,5,0.2,0.2,99,95,86,1
2604,21,2,1,4,0.3,0.3,99,95,86,1
2605,21,2,1,6,0.2,0.2,99,95,86,1
2606,21,2,1,3,0.3,0.3,99,95,86,1
2607,21,2,1,3,0.3,0.3,99,95,86,1
2608,21,2,1,4,0.3,0.3,99,95,86,1
2609,21,2,1,4,0.3,0.3,99,95,86,1
2610,21,3,90,18,0.4,1.1,47,92,20,1
2611,21,4,1,4,0.3,0.3,99,95,86,1
2612,21,4,4,12,0.2,0.2,0,3,8,1
2613,21,4,4,10,0.2,0.2,3,5,9,1
2614,21,4,1,3,0.3,0.3,99,95,86,1
2615,21,4,1,5,0.2,0.2,99,95,86,1
2616,21,4,34,19,0.2,0.2,4,31,55,1
2617,21,5,1,2,0.5,0.5,99,95,86,1
2618,21,5,1,2,0.5,0.5,99,95,86,1
2619,21,5,1,3,0.3,0.3,99,95,86,1
2620,21,5,1,3,0.3,0.3,99,95,86,1
2621,21,5,1,2,0.5,0.5,99,95,86,1
2622,21,5,1,2,0.5,0.5,99,95,86,1
2623,21,5,1,2,0.5,0.5,99,95,86,1
2624,21,5,1,2,0.5,0.5,99,95,86,1
2625,21,5,1,3,0.3,0.3,99,95,86,1
2626,21,5,1,5,0.2,0.2,99,95,86,1
2627,21,6,172,22,3.2,9.2,82,65,65,1
2628,21,7,4,12,0.2,0.4,5,7,1,1
2629,21,7,1,6,0.2,0.2,99,95,86,1
2630,21,7,2,7,0.2,0.2,0,95,86,1
2631,21,7,2,9,0.2,0.2,0,2,0,1
2632,21,7,4,9,0.2,0.2,6,9,2,1
2633,21,8,1,5,0.2,0.2,99,95,86,1
2634,21,8,1,3,0.3,0.3,99,95,86,1
2635,21,8,1,4,0.3,0.3,99,95,86,1
2636,21,8,2,5,0.2,0.5,99,95,86,1
2637,21,8,1,3,0.3,0.3,99,95,86,1
2638,21,8,1,4,0.3,0.3,99,95,86,1
2639,21,8,1,3,0.3,0.3,99,95,86,1
2640,21,8,2,8,0.2,0.2,1,1,86,1
2641,25,1,1,1,1,4.719178255,99,95,86,1
2642,25,1,2,3,0.5,1,99,95,86,1
2643,25,1,1,3,0.4,0.5,99,95,86,1
2644,25,1,174,24,1.3,3,21,21,22,1
2645,25,2,1,3,0.3,0.3,99,95,86,1
2646,25,2,1,4,0.3,0.3,99,95,86,1
2647,25,2,1,4,0.2,0.3,99,95,86,1
2648,25,2,1,4,0.3,0.3,99,95,86,1
2649,25,2,1,4,0.3,0.3,99,95,86,1
2650,25,3,1,3,0.3,0.3,99,95,86,1
2651,25,3,3,5,0.4,0.8,99,95,86,1
2652,25,3,1,3,0.3,0.3,99,95,86,1
2653,25,3,1,3,0.3,0.3,99,95,86,1
2654,25,3,1,3,0.3,0.3,99,95,86,1
2655,25,3,1,3,0.3,0.3,99,95,86,1
2656,25,3,5,7,0.7,1.2,0,95,86,1
2657,25,4,2,3,0.8,0.9,99,95,86,1
2658,25,4,78,15,1.6,4.2,81,51,42,1
2659,25,5,1,4,0.2,0.4,99,95,86,1
2660,25,5,1,3,0.3,0.3,99,95,86,1
2661,25,5,1,3,0.3,0.3,99,95,86,1
2662,25,5,1,3,0.3,0.3,99,95,86,1
2663,25,5,1,3,0.3,0.3,99,95,86,1
2664,25,5,1,4,0.3,0.3,99,95,86,1
2665,25,5,1,2,0.5,0.5,99,95,86,1
2666,25,5,1,4,0.2,0.3,99,95,86,1
2667,25,5,2,4,0.5,0.5,99,95,86,1
2668,25,5,1,3,0.3,0.3,99,95,86,1
2669,25,5,5,6,0.4,0.6,99,95,86,1
2670,25,5,1,2,0.5,0.5,99,95,86,1
2671,25,5,1,4,0.3,0.3,99,95,86,1
2672,25,5,1,4,0.3,0.3,99,95,86,1
2673,25,6,4,4,0.5,1,99,95,86,1
2674,25,6,2,3,0.6,0.8,99,95,86,1
2675,25,6,8,5,1,1.7,99,95,86,1
2676,25,6,3,3,0.8,1.3,99,95,86,1
2677,25,6,37,13,1,1.8,36,34,38,1
2678,25,6,10,7,0.8,1.2,0,95,86,1
2679,25,6,6,4,0.8,1.5,99,95,86,1
2680,25,6,68,12,1.2,2.1,88,81,76,1
2681,25,6,93,19,1.8,4.4,69,72,68,1
2682,11,1,1,2,0.5,0.5,99,95,86,1
2683,11,1,1,2,0.5,0.5,99,95,86,1
2684,11,1,1,3,0.3,0.3,99,95,86,1
2685,11,1,1,2,0.5,0.5,99,95,86,1
2686,11,1,1,3,0.3,0.3,99,95,86,1
2687,11,1,1,3,0.3,0.3,99,95,86,1
2688,11,1,1,2,0.5,0.5,99,95,86,1
2689,11,1,1,4,0.3,0.3,99,95,86,1
2690,11,1,1,3,0.3,0.3,99,95,86,1
2691,11,1,1,3,0.3,0.3,99,95,86,1
2692,11,1,1,2,0.5,0.5,99,95,86,1
2693,11,1,1,3,0.3,0.3,99,95,86,1
2694,11,1,1,3,0.3,0.3,99,95,86,1
2695,11,2,1,2,0.5,0.5,99,95,86,1
2696,11,2,2,7,0.2,0.5,0,95,86,1
2697,11,2,1,4,0.3,0.3,99,95,86,1
2698,11,2,1,2,0.5,0.5,99,95,86,1
2699,11,3,84,21,0.5,1.5,10,16,37,1
2700,11,4,127,22,0.6,2.5,83,72,72,1
2701,11,5,1,3,0.3,0.3,99,95,86,1
2702,11,5,1,3,0.3,0.3,99,95,86,1
2703,11,5,1,3,0.3,0.3,99,95,86,1
2704,11,5,1,3,0.3,0.3,99,95,86,1
2705,11,5,1,3,0.3,0.3,99,95,86,1
2706,11,5,1,3,0.3,0.3,99,95,86,1
2707,11,5,1,2,0.5,0.5,99,95,86,1
2708,11,5,1,2,0.5,0.5,99,95,86,1
2709,11,5,2,7,0.2,0.3,0,95,86,1
2710,11,5,7,10,0.2,0.5,6,7,3,1
2711,11,6,1,3,0.3,0.3,99,95,86,1
2712,11,6,1,3,0.3,0.3,99,95,86,1
2713,11,6,1,3,0.3,0.3,99,95,86,1
2714,11,6,1,3,0.3,0.3,99,95,86,1
2715,11,6,1,3,0.3,0.3,99,95,86,1
2716,11,6,1,3,0.3,0.3,99,95,86,1
2717,11,6,1,2,0.5,0.5,99,95,86,1
2718,11,6,1,2,0.5,0.5,99,95,86,1
2719,11,6,1,2,0.5,0.5,99,95,86,1
2720,11,6,1,2,0.5,0.5,99,95,86,1
2721,11,6,1,4,0.3,0.3,99,95,86,1
2722,11,6,1,4,0.2,0.3,99,95,86,1
2723,11,7,1,3,0.3,0.3,99,95,86,1
2724,11,7,1,2,0.5,0.5,99,95,86,1
2725,11,7,1,2,0.5,0.5,99,95,86,1
2726,11,7,1,2,0.5,0.5,99,95,86,1
2727,11,7,1,2,0.5,0.5,99,95,86,1
2728,11,7,1,2,0.5,0.5,99,95,86,1
2729,11,7,1,2,0.5,0.5,99,95,86,1
2730,11,7,3,8,0.2,0.4,2,1,86,1
2731,11,7,15,12,0.2,0.5,30,14,12,1
2732,11,7,41,17,0.2,0.5,10,16,34,1
2733,11,7,40,20,0.2,0.7,27,24,33,1
2734,9,1,2,4,0.3,0.8,99,95,86,1
2735,9,2,39,11,0.3,1.6,73,48,30,1
2736,9,3,1,3,0.3,0.3,99,95,86,1
2737,9,4,1,3,0.3,0.3,99,95,86,1
2738,9,5,3,5,0.3,0.8,99,95,86,1
2739,9,6,86,17,0.3,1.3,83,86,67,1
2740,9,7,1,3,0.3,0.3,99,95,86,1
2741,9,7,1,3,0.3,0.3,99,95,86,1
2742,9,7,1,3,0.3,0.3,99,95,86,1
2743,9,7,1,2,0.5,0.5,99,95,86,1
2744,9,7,1,2,0.5,0.5,99,95,86,1
2745,9,7,1,2,0.5,0.5,99,95,86,1
2746,9,7,1,2,0.5,0.5,99,95,86,1
2747,9,7,1,4,0.3,0.3,99,95,86,1
2748,9,7,1,4,0.3,0.3,99,95,86,1
2749,9,7,1,4,0.3,0.3,99,95,86,1
2750,9,8,1,3,0.3,0.3,99,95,86,1
2751,9,8,1,3,0.3,0.3,99,95,86,1
2752,9,8,1,3,0.3,0.3,99,95,86,1
2753,9,8,1,3,0.3,0.3,99,95,86,1
2754,9,8,1,3,0.3,0.3,99,95,86,1
2755,9,8,1,3,0.3,0.3,99,95,86,1
2756,9,8,1,3,0.3,0.3,99,95,86,1
2757,9,8,1,4,0.3,0.3,99,95,86,1
2758,9,8,1,3,0.2,0.3,99,95,86,1
2759,9,9,140,25,0.5,1.8,93,80,50,1
2760,13,1,5,7,0.2,0.6,2,95,86,1
2761,13,2,3,5,0.2,0.5,99,95,86,1
2762,13,3,3,6,0.2,0.7,99,95,86,1
2763,13,4,1,3,0.3,0.3,99,95,86,1
2764,13,4,1,3,0.3,0.3,99,95,86,1
2765,13,4,1,3,0.3,0.3,99,95,86,1
2766,13,4,1,3,0.3,0.3,99,95,86,1
2767,13,4,1,3,0.3,0.3,99,95,86,1
2768,13,4,1,3,0.3,0.3,99,95,86,1
2769,13,4,1,2,0.5,0.5,99,95,86,1
2770,13,4,1,2,0.5,0.5,99,95,86,1
2771,13,4,1,4,0.3,0.3,99,95,86,1
2772,13,5,1,3,0.3,0.3,99,95,86,1
2773,13,5,1,5,0.2,0.3,99,95,86,1
2774,13,5,2,5,0.2,0.5,99,95,86,1
2775,13,6,2,3,0.2,0.8,99,95,86,1
2776,13,6,3,4,0.2,0.8,99,95,86,1
2777,13,6,2,3,0.3,0.9,99,95,86,1
2778,13,6,3,5,0.3,1,99,95,86,1
2779,13,6,2,3,0.3,0.7,99,95,86,1
2780,13,6,1,3,0.3,0.3,99,95,86,1
2781,13,6,1,3,0.3,0.3,99,95,86,1
2782,13,6,1,2,0.5,0.5,99,95,86,1
2783,13,6,3,6,0.2,0.8,99,95,86,1
2784,13,6,1,3,0.3,0.3,99,95,86,1
2785,13,6,1,5,0.2,0.2,99,95,86,1
2786,13,6,3,6,0.2,0.6,99,95,86,1
2787,13,7,84,14,0.6,3.1,19,92,72,1
2788,13,8,1,3,0.3,0.3,99,95,86,1
2789,13,8,1,3,0.3,0.3,99,95,86,1
2790,13,8,1,3,0.3,0.3,99,95,86,1
2791,13,8,1,3,0.3,0.3,99,95,86,1
2792,13,8,1,3,0.3,0.3,99,95,86,1
2793,13,9,1,4,0.3,0.3,99,95,86,1
2794,13,9,1,4,0.3,0.3,99,95,86,1
2795,13,9,1,4,0.3,0.3,99,95,86,1
2796,13,9,1,4,0.2,0.2,99,95,86,1
2797,13,9,1,3,0.3,0.3,99,95,86,1
